,employee_age,employee_name,employee_salary,id,profile_image
0,16,Sheri Black,35274.0,8209,
1,50,Natalie Warren,28395.0,8210,
2,30,Patrick Brown,46507.0,8211,
3,63,Carol Sexton,48719.0,8212,
4,39,Nancy Pence,57887.0,8213,
5,16,Ricky Bush,36972.0,8214,
6,64,Natasha Johnson,47051.0,8215,
7,49,Eric Spencer,82015.0,8216,
8,18,Thomas Calloway,82902.0,8217,
9,22,Ann Collazo,41731.0,8218,
10,45,Joseph Moore,48410.0,8219,
11,47,Keisha Livengood,48029.0,8221,
12,35,Marie Guerra,56610.0,8222,
13,35,Zachary Hadden,37462.0,8223,
14,27,Ralph Hardy,27618.0,8224,
15,51,Jarrod Poole,54982.0,8225,
16,59,Anna Fernandez,34064.0,8226,
17,30,Alex Mason,41228.0,8227,
18,56,Kathryn Favors,60960.0,8229,
19,49,Ashley Kozakiewicz,78986.0,8230,
20,49,Roger Welsh,92015.0,8231,
21,58,John Brown,46732.0,8233,
22,52,James Fiorentino,30986.0,8234,
23,26,Stewart Hamilton,67162.0,8235,
24,56,Dorothy Francois,98377.0,8236,
25,17,Karol Mcmillan,83754.0,8239,
26,47,Randall Oconnor,52415.0,8240,
27,24,Robert Hines,68955.0,8241,
28,56,John Nickerson,61027.0,8242,
29,47,Lawrence Nicholson,89604.0,8243,
30,56,Bart Miller,45061.0,8244,
31,62,Dennis Smith,57145.0,8245,
32,64,Earl Phillips,71826.0,8246,
33,64,Ann Webb,70127.0,8247,
34,61,Miriam Bodak,31023.0,8248,
35,59,John Casparian,30147.0,8250,
36,63,Carl Pillar,21055.0,8251,
37,36,Fred Gier,88413.0,8252,
38,53,Christine Ripson,53194.0,8253,
39,24,Joan Smith,43425.0,8254,
40,57,Rachel Brackman,46140.0,8255,
41,25,Paul Anderson,52018.0,8256,
42,43,Ramona Rivera,72520.0,8257,
43,23,Dena Whelan,53448.0,8258,
44,56,John Tarbutton,58329.0,8259,
45,24,Thomas Neal,29608.0,8260,
46,59,Thomas Tate,32465.0,8261,
47,54,Charlene Woodworth,44025.0,8262,
48,19,Francis Chi,39525.0,8263,
49,25,Eric Weber,95494.0,8264,
50,23,Gregory Scarborough,29799.0,8265,
51,45,Eleanor Moore,34714.0,8266,
52,30,Thomas Blake,75082.0,8267,
53,30,Kristen Butler,45162.0,8268,
54,32,Mathew Bowers,84274.0,8269,
55,64,Alma Sawyer,91441.0,8270,
56,24,Andrew Chatfield,92869.0,8271,
57,19,Patrick Martin,93950.0,8272,
58,35,Bobbie Leland,4000.0,8273,
59,16,Dwayne Roloff,71848.0,8274,
60,30,Curtis Healy,50668.0,8275,
61,56,Lance Zuniga,22125.0,8276,
62,63,Brenda Malloy,65457.0,8277,
63,17,Luisa Obrien,68271.0,8278,
64,62,Rodney Weyandt,29191.0,8279,
65,28,Joseph Mays,35440.0,8280,
66,52,Linda Gauthier,60724.0,8282,
67,19,Sylvia Elizondo,60352.0,8283,
68,47,Patricia Rochin,91268.0,8284,
69,60,Lynsey Greenwell,94250.0,8285,
70,59,Janice Crawford,52531.0,8286,
71,18,Carla West,29947.0,8287,
72,31,Wayne Young,41046.0,8288,
73,35,Ronald Chausse,93906.0,8289,
74,40,Socorro Rubin,74707.0,8290,
75,62,Tammy Butler,54003.0,8291,
76,51,Bert Delosantos,46475.0,8292,
77,58,Geraldine Trejo,47247.0,8293,
78,47,Steve Funderburk,35208.0,8294,
79,23,Megan Devine,34563.0,8295,
80,17,Agnes Mosley,59882.0,8296,
81,55,Richard Jones,99280.0,8297,
82,22,Becky Schnee,46372.0,8298,
83,48,Robin Stevens,88797.0,8299,
84,46,Maddie Lindsay,80103.0,8300,
85,49,Marquitta Townson,47544.0,8301,
86,43,Joe Chapman,67554.0,8302,
87,56,Ida Hall,29350.0,8303,
88,21,Johnny Caras,54660.0,8304,
89,16,Ricardo Mccord,41682.0,8305,
90,31,Deana Mclean,22821.0,8306,
91,61,Cathy Reeder,55449.0,8308,
92,52,Alicia Gilmer,35207.0,8309,
93,56,Kimberly Wilson,68694.0,8310,
94,45,Melinda Lyon,71210.0,8311,
95,64,Juanita Sanchez,57811.0,8312,
96,28,Kenny Carter,80193.0,8313,
97,44,William Brackley,80992.0,8314,
98,47,Alease White,71291.0,8315,
99,35,Lonnie Sims,4000.0,8316,
100,45,Michele Muzquiz,35866.0,8317,
101,31,Stacy Mayhall,34851.0,8318,
102,19,Zana Dorsett,56749.0,8319,
103,19,Eva Sweet,33579.0,8320,
104,62,Sheila Moldrem,95122.0,8321,
105,54,Solomon Farris,59264.0,8322,
106,31,Clarence Livingston,42630.0,8323,
107,59,Frances Hall,96376.0,8324,
108,28,Joyce Trombetta,37361.0,8325,
109,30,Erick Paquette,78739.0,8326,
110,29,Marcella Garver,33952.0,8327,
111,55,Tamara Siefke,86841.0,8328,
112,27,Jennifer Nadeau,75524.0,8329,
113,44,Shane Gamez,34423.0,8330,
114,43,Frank Flores,96099.0,8331,
115,17,Rodney Cage,27379.0,8332,
116,30,Tony Harkins,62891.0,8334,
117,59,Anthony Thomas,28413.0,8335,
118,51,David Pressley,56435.0,8336,
119,40,Gregory Thorne,70723.0,8337,
120,33,Brandon Smith,36726.0,8338,
121,64,Elwood Sause,73140.0,8339,
122,26,Megan Ward,49721.0,8340,
123,38,Yolanda Davis,53074.0,8341,
124,56,Donald Wood,39452.0,8342,
125,62,Daniel Sullivan,43464.0,8343,
126,36,Annie Scrabeck,24894.0,8344,
127,32,Donald Chase,66801.0,8345,
128,57,Paige Moseley,78696.0,8346,
129,36,Lucien Carrero,43430.0,8347,
130,56,Danielle Lewis,82148.0,8348,
131,51,Rosemary Buffington,74605.0,8349,
132,24,Julie Dawson,76517.0,8350,
133,17,Cynthia Robertson,31173.0,8351,
134,37,Christopher Hume,52519.0,8352,
135,20,John Sharp,38979.0,8353,
136,49,Wayne Jefferson,40856.0,8354,
137,47,Antonio Whaley,27180.0,8355,
138,60,Robert Jordan,72126.0,8356,
139,43,Daniel Spivey,42872.0,8357,
140,48,Anthony Banuelos,65909.0,8358,
141,26,Charlotte Poyer,20330.0,8359,
142,63,Courtney Adamczak,66786.0,8360,
143,17,Candace Bynum,72441.0,8361,
144,31,Roslyn Delacruz,65579.0,8362,
145,47,Erma Ochoa,28865.0,8363,
146,60,Rashad Butler,69266.0,8364,
147,65,Carl Mccauley,35977.0,8365,
148,18,Polly Prior,24134.0,8366,
149,57,Robert Cannon,37861.0,8367,
150,47,Randolph Whitten,57164.0,8368,
151,38,Tasha Mimaki,82348.0,8369,
152,52,Brittany Barabas,62999.0,8370,
153,46,Billy Pierce,43004.0,8371,
154,42,Christina Greeson,77586.0,8372,
155,51,Gladys Armentrout,28742.0,8373,
156,19,Paul Delapena,22664.0,8374,
157,17,Richard Lucy,70924.0,8375,
158,54,Gail Monaghan,64046.0,8377,
159,23,John Lewis,78140.0,8378,
160,26,Bryant Stephens,82094.0,8379,
161,19,Charles Cheek,54591.0,8382,
162,43,Linda Thorne,50656.0,8383,
163,28,Mark Asberry,97259.0,8384,
164,59,Louie Moses,93700.0,8385,
165,63,Kim Quinn,89431.0,8386,
166,57,Minnie Goodman,74578.0,8387,
167,23,Freida Waynick,88513.0,8388,
168,42,Renee Jackson,39450.0,8389,
169,60,William Arvin,38279.0,8390,
170,55,Gary Ferretti,38820.0,8391,
171,46,Mark Bauer,73211.0,8392,
172,65,Lorraine Davis,29270.0,8393,
173,29,Edgar Talbot,27593.0,8394,
174,62,Patty Colwell,69797.0,8395,
175,22,Joseph Stinchfield,78664.0,8396,
176,33,June Troublefield,20254.0,8397,
177,31,Lauren Green,42285.0,8398,
178,57,Rita Payne,57263.0,8399,
179,35,Opal Kumar,47087.0,8400,
180,61,Shannon Sirmans,27192.0,8401,
181,64,Cara Kaltz,55949.0,8402,
182,44,Elmer Smith,68200.0,8403,
183,32,Annie Highley,34395.0,8404,
184,31,Linda Broderick,26331.0,8405,
185,51,Beverley Nixon,94884.0,8406,
186,25,Lloyd Hecker,59257.0,8407,
187,51,Thomas Palafox,54576.0,8408,
188,50,Melvin Hutchingson,71793.0,8409,
189,56,Thanh Schrock,82295.0,8410,
190,49,Terry Raby,77999.0,8411,
191,43,Helen Brubaker,92291.0,8412,
192,28,Vickie Anderson,80518.0,8413,
193,28,Maria Nusbaum,43652.0,8414,
194,48,Gayla Johnson,72207.0,8415,
195,60,Doris Hass,87604.0,8416,
196,59,Danielle King,57715.0,8417,
197,35,Christina Hendrickson,4000.0,8418,
198,37,Jenna Salyer,70568.0,8419,
199,32,Matthew Stein,59910.0,8420,
200,31,Tammie Ramirez,85264.0,8421,
201,44,Vivian Rodriguez,50322.0,8422,
202,27,Marilyn Saenz,26443.0,8423,
203,16,Heidi Croteau,24635.0,8424,
204,26,Michelle Diego,30413.0,8425,
205,36,Martha Pino,75130.0,8426,
206,42,Lee Phillips,40333.0,8427,
207,49,Harold Watson,68751.0,8428,
208,30,John Munoz,52845.0,8429,
209,43,Mary Monk,82495.0,8430,
210,25,Nicholas Williams,63669.0,8431,
211,50,William Stephens,38375.0,8433,
212,47,Kim Nemec,63490.0,8434,
213,36,James Sawyer,95030.0,8437,
214,57,David Gardner,50905.0,8438,
215,34,Joann Sedrakyan,74408.0,8440,
216,59,Denise Gliem,85385.0,8442,
217,33,Terry Torres,85545.0,8443,
218,52,Freda Bartholomew,94657.0,8444,
219,25,Eleanor Bonello,85325.0,8446,
220,29,Alesia Bakerx,47211.0,8447,
221,64,Marion Johnson,25121.0,8448,
222,39,David Mccutchan,85309.0,8449,
223,19,Ruth Cutshall,80785.0,8450,
224,58,Robert Cook,50664.0,8451,
225,23,Earl Delgadillo,50304.0,8452,
226,63,Jerry Wang,59329.0,8454,
227,31,Gladys Roberts,50733.0,8455,
228,16,Corey Russ,22698.0,8456,
229,45,Toni Laravie,62810.0,8457,
230,62,Andrew Blank,20938.0,8458,
231,21,Robert Caddell,32651.0,8459,
232,49,Walter Mitchell,20887.0,8460,
233,56,Shelly Mcswain,33446.0,8461,
234,36,Russell Mayer,36404.0,8462,
235,44,William Luken,32543.0,8463,
236,60,Heidi Morter,34783.0,8464,
237,46,Joan Walker,70702.0,8465,
238,29,Donna Hinkle,53133.0,8466,
239,45,Charley King,41447.0,8467,
240,52,David Murray,39911.0,8468,
241,24,Shirley Hinde,50185.0,8469,
242,51,Alvin Hooper,51985.0,8470,
243,35,Jamie Paradis,4000.0,8471,
244,49,Mary Hermann,75622.0,8473,
245,22,William Thompson,27359.0,8474,
246,40,Robert Kirby,93497.0,8475,
247,52,Zora Simpson,89824.0,8476,
248,23,John Mccombs,23561.0,8477,
249,61,Leslie Gillen,81748.0,8478,
250,60,Suzanne Frye,24024.0,8479,
251,61,Paul Schulze,97753.0,8480,
252,54,Thomas Vasko,84761.0,8481,
253,63,Anthony Fors,93565.0,8482,
254,58,Jason Faulk,85417.0,8483,
255,46,Lucille Spencer,49995.0,8484,
256,18,Allen Johnson,23589.0,8485,
257,48,Tasha Senter,50077.0,8486,
258,43,Lucy Martin,70869.0,8487,
259,22,Linda Rodriguez,95918.0,8488,
260,18,Mary Schaller,31317.0,8489,
261,46,Stephen Lizotte,76807.0,8490,
262,50,Jeremy Mccoy,88932.0,8491,
263,43,John Dowd,77157.0,8492,
264,60,Shonda Katayama,78003.0,8493,
265,28,Sheryl Elk,89387.0,8494,
266,33,Dorothy Dennis,83373.0,8495,
267,37,Raymond Carter,48575.0,8496,
268,49,Cindy Patton,82448.0,8497,
269,53,Marilyn Brecht,95167.0,8498,
270,27,Kathleen Harewood,58799.0,8499,
271,49,Rosario Martinez,85923.0,8500,
272,19,Jessica Platt,49334.0,8501,
273,64,Lindsay Howe,58462.0,8502,
274,57,Sue Rundle,71557.0,8503,
275,38,Betty Tarone,45491.0,8504,
276,49,Margarita Rudolph,44593.0,8505,
277,33,Bea Riddle,27379.0,8506,
278,23,Bill Kennedy,22442.0,8507,
279,27,Carlene Cauley,62326.0,8508,
280,51,Kori Walsh,71697.0,8509,
281,62,Matthew Bishop,65026.0,8510,
282,51,Robert Dean,83221.0,8511,
283,27,Patrick Moore,33474.0,8512,
284,48,Lisa Apodaca,84425.0,8513,
285,55,Jean Longe,72437.0,8514,
286,57,Shawna Brown,75756.0,8515,
287,20,Kerri Trujillo,73269.0,8516,
288,29,George Winterbottom,70404.0,8517,
289,63,Tracy Tallent,88637.0,8518,
290,47,Brenda Petersen,58524.0,8519,
291,41,Jimmie Ashburn,37443.0,8520,
292,43,Marquis Smith,53948.0,8521,
293,35,Latonya Wicklund,80248.0,8522,
294,17,Robert Campbell,70523.0,8523,
295,37,Ruben Wolfenbarger,59147.0,8524,
296,54,Helen Nick,55194.0,8525,
297,61,Carolyn Tillery,52303.0,8526,
298,25,Linda Newsom,79017.0,8527,
299,30,Katrina Jones,70512.0,8528,
300,53,Karl Miller,92574.0,8529,
301,52,Rebecca Cole,78948.0,8530,
302,37,John Abramowitz,39500.0,8531,
303,38,Amy Klotz,38362.0,8532,
304,57,Jose Mccarthy,85195.0,8533,
305,35,Tabetha Miller,75346.0,8534,
306,65,Bradley Horrell,31603.0,8535,
307,49,Charles King,35042.0,8536,
308,43,Ina Prichard,84130.0,8537,
309,27,Willie Carnes,33517.0,8538,
310,39,Morris Mead,68670.0,8539,
311,60,Marvin Williams,28682.0,8540,
312,56,Jose Dickerson,27390.0,8541,
313,44,Doris Hendrikson,54999.0,8542,
314,20,Kevin Castro,96182.0,8543,
315,20,Laurence Maloney,56034.0,8544,
316,44,James Arcizo,44245.0,8545,
317,35,Jennifer Ford,53664.0,8546,
318,65,Frances Katowicz,98217.0,8547,
319,53,Francis Milliken,21853.0,8548,
320,51,Keith Greathouse,64473.0,8549,
321,59,Mary Gamble,20429.0,8550,
322,59,Glenn Morell,92550.0,8551,
323,19,James Hatch,45450.0,8552,
324,19,Scott Boose,40419.0,8553,
325,36,Ora Cain,95553.0,8554,
326,35,Emiko Barber,4000.0,8555,
327,39,Cleo Gordon,95106.0,8556,
328,48,Jose Tracy,77727.0,8557,
329,52,Arlene Fleming,71802.0,8558,
330,33,Marvin Malcom,99830.0,8559,
331,54,Benjamin Whitlock,70610.0,8560,
332,48,Sean Gordillo,49569.0,8561,
333,44,James Phillips,97163.0,8562,
334,35,Mildred Arteaga,28550.0,8563,
335,31,Harry Saleh,41415.0,8564,
336,32,Delfina Robinson,45112.0,8565,
337,20,Tom Hart,94131.0,8566,
338,42,Michael Greene,94574.0,8567,
339,19,Martha Nunes,86121.0,8568,
340,36,Dale Niemeyer,92560.0,8569,
341,19,Ramona Szymanski,72228.0,8570,
342,36,Arthur Forrest,67318.0,8571,
343,16,Michael Schuelke,29771.0,8572,
344,40,Michelle Ball,92588.0,8573,
345,46,Lynda Miller,89426.0,8574,
346,47,Ruth Velez,30850.0,8575,
347,46,Crystal Kessler,77874.0,8576,
348,50,Shannon Gagnon,79569.0,8577,
349,49,Jeremy Boyer,35486.0,8578,
350,65,Jackie Morris,30454.0,8579,
351,54,Joseph Lawson,88921.0,8580,
352,25,Lavone Eastwood,78684.0,8581,
353,22,Evelyn Fabrizio,64153.0,8582,
354,39,Jeannette Brown,52847.0,8583,
355,28,Donald Tolley,90199.0,8584,
356,36,Stephanie Sandoval,57517.0,8585,
357,53,James Brandt,54181.0,8586,
358,27,Kenneth Polley,26039.0,8588,
359,17,Rosendo Forbes,56501.0,8589,
360,51,Carol Sanders,58003.0,8590,
361,56,Dwayne Kitchens,64266.0,8591,
362,60,Barbara Rondon,57232.0,8592,
363,34,Blossom Martinez,24663.0,8593,
364,19,April Gordon,93289.0,8596,
365,49,Christopher Hefty,60835.0,8597,
366,22,Loretta Driscoll,84382.0,8598,
367,39,Kevin Taylor,66524.0,8599,
368,25,Edward King,25636.0,8600,
369,23,Adrian Mann,78545.0,8601,
370,27,Anthony Im,54201.0,8602,
371,22,Eula Walton,55383.0,8603,
372,39,Erin Atkins,90600.0,8604,
373,62,Elbert Jackson,81330.0,8606,
374,27,Bobby Watson,35441.0,8607,
375,42,Jill Jones,54933.0,8608,
376,28,Darlene Meek,37454.0,8609,
377,48,Wesley Myers,74130.0,8610,
378,21,Violet Arpin,60929.0,8611,
379,53,Joshua Reeves,85643.0,8612,
380,18,Paul Burton,92237.0,8613,
381,24,Annie Milton,20903.0,8614,
382,57,Regina Macias,34694.0,8615,
383,29,Emil Hartman,66533.0,8616,
384,16,Brandy Whipple,44065.0,8617,
385,48,Mable Sherwood,99767.0,8618,
386,27,Charles Alder,72890.0,8619,
387,30,Fred Hennessy,28286.0,8620,
388,57,Tim Allen,45084.0,8621,
389,44,Steve Mackillop,80932.0,8622,
390,61,Mary Painter,25725.0,8623,
391,39,Virginia Robinson,22743.0,8624,
392,59,Dan Peralta,20944.0,8625,
393,47,Shannon Alexander,37669.0,8626,
394,22,Brad Hughes,26875.0,8627,
395,58,Louise Wade,69734.0,8628,
396,18,Connie Salter,63738.0,8629,
397,28,Mary Burgett,85628.0,8630,
398,63,Linda Cosgrove,72519.0,8631,
399,24,Michael Brown,64218.0,8632,
400,38,Tiffany Garza,33635.0,8633,
401,63,Mary Rainer,59220.0,8634,
402,29,Viola Todd,89294.0,8635,
403,39,Pauline Barfield,28882.0,8636,
404,51,Salvador Thomas,59036.0,8637,
405,45,Samuel Look,91422.0,8638,
406,40,Annetta Valentine,59314.0,8639,
407,38,Carlos Reese,91689.0,8640,
408,60,Matthew Pettigrew,48016.0,8641,
409,45,Patrick Wills,48176.0,8642,
410,29,Courtney Miller,56509.0,8643,
411,24,Todd Bradford,64291.0,8644,
412,57,Kimberli Schultz,59769.0,8645,
413,24,Michelle Dufault,43262.0,8646,
414,53,William Flores,47874.0,8647,
415,36,James Holm,21572.0,8648,
416,22,Helen Franco,85365.0,8649,
417,61,Julie Williams,38694.0,8650,
418,18,Thomas Small,45167.0,8651,
419,33,Elsie Craig,97140.0,8652,
420,38,Lesley Kukowski,50471.0,8653,
421,18,William Garcia,57295.0,8654,
422,57,David Lambrakis,57108.0,8655,
423,47,Leslie Oliver,92395.0,8656,
424,22,Rosemarie Hark,34080.0,8657,
425,46,James White,39875.0,8658,
426,42,Barbara Barlow,78038.0,8659,
427,30,Sarah Boles,23026.0,8660,
428,42,Russell Logan,64321.0,8661,
429,62,Calvin Austin,79609.0,8663,
430,61,Erich Davis,62460.0,8664,
431,37,Jerry Rozier,98436.0,8665,
432,26,Johnny Macha,56712.0,8666,
433,44,Sena Marcum,46027.0,8667,
434,38,Wesley Schuck,52291.0,8668,
435,49,Thomas Roth,28414.0,8669,
436,64,Jennie Viney,51080.0,8670,
437,60,Jessie Long,28663.0,8671,
438,28,Alice Worcester,52849.0,8672,
439,54,Roxanne Stcharles,77119.0,8673,
440,27,Chris Rand,99398.0,8674,
441,46,Jacob Richards,64015.0,8675,
442,57,Jonathan Wilson,52074.0,8676,
443,58,Rodney Nooner,66474.0,8677,
444,55,Mildred Boles,30562.0,8678,
445,48,Felipe Matinez,84585.0,8679,
446,40,Katherine Smallwood,33380.0,8680,
447,29,Gary Bonilla,27581.0,8681,
448,60,Fernando Holt,55903.0,8682,
449,56,Juan Kirk,74388.0,8683,
450,34,Robert Larose,99568.0,8684,
451,56,Terence Terry,82946.0,8685,
452,54,Robert Kuhn,61816.0,8686,
453,47,Brenda Cooper,51965.0,8687,
454,57,Lulu Hewitt,86972.0,8688,
455,21,Freda Borich,95403.0,8689,
456,51,Margaret Wong,94403.0,8690,
457,23,George Rummel,28393.0,8691,
458,29,Cory Herrera,57109.0,8692,
459,43,Nolan Dargis,29978.0,8693,
460,28,Curt Chambers,20184.0,8694,
461,61,Michael Johnson,69133.0,8695,
462,61,Miriam Omara,55077.0,8696,
463,28,Anthony Seaman,81963.0,8697,
464,44,Eleanor Stone,85761.0,8698,
465,49,Christopher Johnson,95412.0,8699,
466,36,Michael Toborg,64829.0,8700,
467,51,Oscar Lozoya,31153.0,8701,
468,44,Mary Jones,96827.0,8702,
469,59,James Maddox,83033.0,8703,
470,39,Lorie Arvin,49744.0,8704,
471,50,Shu Spurlock,52651.0,8705,
472,39,Sharon Thomas,62690.0,8706,
473,42,Patricia Shireman,62875.0,8707,
474,51,Mary James,46920.0,8708,
475,56,Duane Jamon,43507.0,8709,
476,41,Margarita Diehl,78736.0,8710,
477,58,Raymond Owenby,21330.0,8711,
478,56,Jake Phillips,54165.0,8712,
479,38,Allison Mayfield,95537.0,8713,
480,40,Isaiah Niederkorn,23728.0,8714,
481,35,Christy Disher,46023.0,8715,
482,38,Thomas Wiley,67241.0,8716,
483,63,Ursula Mueller,89936.0,8717,
484,54,Terry Williams,38335.0,8718,
485,59,Noriko Gagnon,48812.0,8719,
486,17,Arnold Linarez,26442.0,8720,
487,51,Janet Mckinley,52580.0,8721,
488,58,Keith Deming,29515.0,8722,
489,36,John Rodriguez,91437.0,8723,
490,35,Lisa Nettles,4000.0,8724,
491,64,Beatrice Johnson,95567.0,8725,
492,33,Debra Tribble,72306.0,8727,
493,29,Douglas Epps,97956.0,8728,
494,63,Mabel Wallis,38658.0,8729,
495,59,Francis Graham,45747.0,8730,
496,56,Kimberly Potter,32139.0,8731,
497,47,Debra Dejohn,29625.0,8732,
498,16,Jay Baca,52868.0,8734,
499,43,Judy Rodriquez,79904.0,8735,
500,44,Louise Brown,68677.0,8736,
501,128,Robert Blum,1356.0,8766,
502,32,Lala Ogrodowicz,3232.0,8910,
503,30,Felicia Cerda,15000.0,9002,
504,23,Sheila Guajardo,15000.0,9027,
505,20,Elvira Cabrera,1999.0,9181,
506,23,Daniel Elliott,123.0,9195,
507,444,Donovan Vanover,444.0,9275,
508,23,Alberta Raines,123.0,9423,
509,100,Monroe Bousquet,123456789.0,9430,
510,20,Glenda Brown,100.0,9431,
511,23,Sam Martin,400.0,9432,
512,23,Edith Hyatt,123.0,9521,
513,23,Charles Anderson,123.0,9581,
514,23,Dorothy Ringgold,123.0,9620,
515,23,Jason Warner,123.0,9628,
516,23,Natasha Ramsey,123.0,9656,
517,23,Syreeta Martinez,123.0,9664,
518,23,Mary Hart,123.0,9665,
519,23,Lynette Richarson,123.0,9679,
520,23,Elizabeth Pereira,123.0,9697,
521,23,Tommie Abel,123.0,9724,
522,23,Tracey Horton,123.0,9746,
523,23,Ronald Robinson,123.0,9748,
524,23,Kimberly Crosby,123.0,9768,
525,23,Billie Gulick,123.0,9786,
526,23,Terry Valenzuela,123.0,9813,
527,23,James Zimmerman,123.0,9835,
528,23,Colin Bowman,123.0,9859,
529,23,Erik Trinkle,123.0,9864,
530,23,Williams Dibble,123.0,9919,
531,35,David Baker,4000.0,9942,
532,23,Shannon Torres,123.0,9949,
533,23,Matthew Letchworth,123.0,10059,
534,23,Wayne Weaver,123.0,10072,
535,23,Evelyn Clarke,123.0,10088,
536,23,Raymond Hamilton,123.0,10092,
537,23,Jermaine Mccormick,123.0,10106,
538,23,Richard Buggie,123.0,10107,
539,10,Theresa Adams,100000.0,10491,
540,25,Christopher Molina,1232.0,10687,
541,45,Michael Hall,6678769.0,10713,
542,31,Minnie Frasher,1231.0,10718,
543,0,Trent Avis,0.0,10726,
544,31,Ruby Moore,34567.0,10733,
545,31,David Dalton,34567.0,10742,
546,0,Luis Jobe,0.0,10794,
547,0,Kevin Harris,0.0,10802,
548,0,George Worley,0.0,10809,
549,30,Barbara Nall,15000.0,10917,
550,32,Justin Pittman,123.0,11385,
551,33,Irmgard Coy,55555.0,11411,
552,29,Walter Ward,90.0,11501,
553,24,Joan Ser,22000.0,11576,
554,26,Gloria Wood,886.0,11577,
555,230,Jeannette Myers,123.0,11614,
556,29,Joann Rosecrans,1234.0,11647,
557,230,Bruce Tapia,123.0,11688,
558,23,Gary Rosa,123.0,11879,
559,23,Michael Redding,123.0,11901,
560,30,Marsha Ahmad,123.0,11925,
561,0,Rosie Veale,0.0,11929,
562,23,Irene Wassermann,123.0,11975,
563,12,Brian Scott,12.0,11976,
564,30,Cassandra Logsdon,123.0,12056,
565,30,Shirley Hammett,123.0,12103,
566,21,Scott Ludlow,2341.0,12124,
567,30,Bradley Merryman,123.0,12155,
568,23,Darron Jimenez,123.0,12172,
569,30,Lucinda Coomer,123.0,12188,
570,30,Raymond Obermeyer,123.0,12215,
571,23,Andera Conroy,0.0,12256,
572,21,James Gonzalez,2341.0,12264,
573,10000,Madeline Hudson,50.0,12266,
574,21,Robert Kern,2341.0,12274,
575,21,Greg Malone,2341.0,12282,
576,10000,Roberta Burch,50.0,12298,
577,10000,John Green,50.0,12307,
578,10000,Rebecca Downs,50.0,12311,
579,21,Jeannette Paulo,8000.0,12328,
580,10000,Ricky Honaker,50.0,12343,
581,10000,Lorraine Verduzco,50.0,12348,
582,22,Fredric Torres,20000.0,12351,
583,10000,Billie Hymes,50.0,12360,
584,10000,Jesse Ludwig,9999.0,12374,
585,25,Donald Landstrom,1000.0,12430,
586,23,Rhonda Waugh,1231.0,12445,
587,23,Dolores Drennan,123.0,12479,
588,21,Melody Ready,2341.0,12494,
589,30,Patrick Sedlock,123.0,12548,
590,22,James Lampe,12356.0,12569,
591,23,Kathy Albus,123.0,12592,
592,23,Deborah Wallace,123.0,12593,
593,23,Agnes Kline,123.0,12594,
594,23,Brian Jarosz,123.0,12603,
595,23,Christopher Markarian,123.0,12610,
596,54,Bruce Lynn,454.0,12624,
597,30,Robin Marlow,123.0,12671,
598,42,John Bogan,50000.0,12685,
599,21,Phillip Fox,20000.0,12725,
600,25,Freda Arellano,4521.0,12732,
601,26,Ina Smith,61888.0,12773,
602,35,Barbara Sullivan,4000.0,12776,
603,26,Hope Reese,61888.0,12778,
604,34,Jerry Zambrano,60000.0,12795,
605,34,Henry Greig,60000.0,12836,
606,34,Luis Avery,60000.0,12850,
607,23,Alicia Lenart,123.0,12864,
608,30,Michael Odum,123.0,12965,
609,45,Edgar Bottoms,45.0,12966,
610,30,Kasey Cotton,19000.0,12970,
611,25,Barbara Masterson,17000.0,12998,
612,30,Lynnette Partin,123.0,13002,
613,23,Regina Hart,123.0,13184,
614,28,Louis Salmon,20000.0,13306,
615,21,Sheila Ruth,433333.0,13335,
616,23,Stephanie Stamps,1.5,13667,
617,21,Betty Klein,20000.0,13779,
618,0,Nancy Outlaw,0.0,13850,
619,23,Robert Yang,123.0,13851,
620,23,Manuel Miller,123.0,13861,
621,12,Sophia Combs,1213.0,13965,
622,23,Edward Ivy,123.0,13969,
623,2883,Fernando Roberts,50.0,14006,
624,23,Enrique Lemon,123.0,14088,
625,22,Roland Aguirre,98877.0,14364,
626,1,Harold Ramirez,1.0,14489,
627,23,Miriam Crick,123.0,14627,
628,18,Linda Lambert,2500000.0,14736,
629,24,Stephen Liedke,30000.0,14796,
630,23,Peggy Mackin,123.0,14938,
631,30,Anna Tate,300.0,14955,
632,23,Clara Proctor,123.0,15003,
633,35,Peter Vanburen,400.0,15020,
634,40,Amanda Hogan,400.0,15022,
635,24,Patricia Miller,0.0,15030,
636,40,James Parvin,300.0,15041,
637,28,Hillary Albright,1993194.0,15118,
638,29,Eunice Arteaga,99.0,15126,
639,28,Raul Robinson,99.0,15147,
640,203,Courtney Cartwright,1123.0,15273,
641,26,Eric Walters,456.0,15323,
642,28,Benjamin Dobson,1000000.0,15478,
643,23,Terrence Weinstein,123.0,15537,
644,30,Earl Leclair,12345.0,15579,
645,34,Bonita Hill,1.0,15581,
646,23,Michael Peart,123.0,15668,
647,338,Tiffany Buckley,3.0,15730,
648,25,Charlotte Nguyen,500.0,15761,
649,23,Kenneth Harris,123.0,15762,
650,23,Tessie Martinez,123.0,15810,
651,23,Alva Pegram,123.0,16004,
652,0,Judy Leonard,0.0,16018,
653,19,John Flournoy,1919.0,16024,
654,23,Edward Waldvogel,123.0,16025,
655,0,Randy Cunanan,0.0,16026,
656,20,Mario Ferrer,20.0,16037,
657,23,Angela Hartman,123.0,16084,
658,23,Jeffery Harcourt,123.0,16194,
659,23,Meghan Donovan,0.0,16211,
660,100,Kathleen Cargle,123456789.0,16474,
661,100,Avery Faron,123456789.0,16484,
662,100,Alice Ganley,123456789.0,16500,
663,100,Juan Harding,123456789.0,16514,
664,23,John Brandwein,123.0,16875,
665,23,Terrance Adkins,123.0,16883,
666,23,Rene Clothier,123.0,16900,
667,23,Martha Diaz,123.0,16915,
668,23,Audra Palmer,123.0,16955,
669,45,Joseph Perkins,999.0,16983,
670,23,Barry Wang,123.0,17571,
671,23,Tyrone Gates,123.0,17581,
672,23,Darla West,123.0,17598,
673,23,Lynette Hickson,123.0,17599,
674,23,Mary Morales,123.0,17620,
675,23,Danny Smith,123.0,17627,
676,23,Joan Bernier,123.0,17628,
677,45,Bernice Hobbs,999.0,17736,
678,23,Raymond May,123.0,17802,
679,23,Edward Lomasney,1233.0,17809,
680,333,Cynthia Nilsson,3.0,18008,
681,338,Richard Cortez,3.0,18041,
682,338,Phyliss Sim,3.0,18266,
683,23,Eric Shurtz,123.0,19258,
684,23,Paul Melancon,123.0,19300,
685,23,Hazel Smith,123.0,19315,
686,23,Jennifer Ricci,123.0,19422,
687,23,Henry Hernandez,123.0,20129,
688,23,Patricia Lash,123.0,20134,
689,25,Willie Devit,1000.0,20745,
690,32,Kathleen Cherry,1234.0,21522,
691,23,Mark Littlejohn,123.0,22046,
692,20,Suanne Settles,5000.0,22135,
693,30,Martha Mario,6000.0,22136,
694,50,Trudy Brooks,7000.0,22137,
695,20,Karl Flores,5000.0,22186,
696,30,Frances Houston,6000.0,22187,
697,23,Milton Bledsoe,123.0,22209,
698,30,Christopher Duncan,123.0,22353,
699,20,Cesar Sampson,6000.0,22927,
700,20,Erin Ates,6000.0,22942,
701,20,Sabrina Turner,6000.0,22970,
702,20,Sandra Elwell,6000.0,23000,
703,20,Rosalyn Hathaway,6000.0,23004,
704,25,Emil Fountain,46000.0,23638,
705,25,Marvin Rich,46000.0,23639,
706,32,Agnes Miller,12300.0,25387,
707,23,Floyd Boykins,123.0,25391,
708,23,Donna Ruivo,123.0,25401,
709,0,Edwin Enos,123.0,25464,
710,0,Katherine Ludwig,123.0,25468,
711,23,Timothy Smith,123.0,25726,
712,23,Donald Talmadge,123.0,26931,
713,30,Beverly Haddad,60000.0,26940,
714,48,Ivelisse Legg,321456.0,27713,
715,25,Denise Allen,45608.0,27936,
716,23,Peggy Morrissey,2333.0,29204,
717,25,Christopher Wightman,20000.0,29755,
718,23,Dennis Landis,123.0,29797,
719,23,Moses Pappas,123.0,30056,
720,23,Jessica Lewis,123.0,30060,
721,23,Leonard Findley,123.0,30062,
722,23,Anna Ware,123.0,30065,
723,1123,Derrick Ramirez,23.0,30067,
724,23,Adam Braxton,12366.0,30211,
725,23,April Loucks,123.0,30216,
726,23,Tara Ruby,123.0,30276,
727,23,Peggy Anderson,123.0,30277,
728,23,Shannon Johnson,23.0,30540,
729,23,Irwin Johansen,123.0,31036,
730,12,Ashley Ollis,12.0,32671,
731,23,Richard Crosby,123.0,33999,
732,25,James Ojeda,1245.0,34158,
733,23,Teresa Duran,123.0,34167,
734,23,Paul Campos,123.0,34213,
735,25,Earl Monger,133.0,34214,
736,25,James Brooks,133.0,34230,
737,33,Gary Thomas,123000.0,34687,
738,33,Janelle Ayon,123000.0,34701,
739,23,Justin Carrick,123.0,34953,
740,25,Kathy Matthews,123.0,37240,
741,23,James Mclure,123.0,37691,
742,25,Edward Harris,1000.0,40525,
743,34,Martin Smith,125000.0,40902,
744,35,Andrew Foster,4000.0,40918,
745,24,Kandi Valdez,1233.0,41128,
746,53,Merri Cassity,199999.0,41250,
747,34,Johnnie Hall,125000.0,41274,
748,34,Larry Henry,125000.0,41295,
749,33,Esther Toney,123000.0,41323,
750,33,Patricia Dronet,123000.0,41347,
751,33,Bonnie Carpenter,4523000.0,41381,
752,23,Randall Gilbar,123000.0,41390,
753,24,Earl Collins,950.0,41420,
754,23,Mary Walker,123.0,41429,
755,30,Sara Branch,123.0,41457,
756,20,Walter Westover,20000.0,41471,
757,30,Shirley Brown,123.0,41516,
758,77,Jason Broussard,6567.0,41544,
759,23,Norma Hall,123.0,41601,
760,21,Kathy Loeb,22000.0,41797,
761,23,Thomas Simmons,123.0,42085,
762,33,Brian Laureano,4523000.0,42091,
763,33,Jennifer Love,4523000.0,42092,
764,35,Roberto Carter,4000.0,42093,
765,33,Joseph Daise,4523000.0,42095,
766,33,Kenneth Pentecost,4523000.0,42102,
767,33,Kimberly Brown,4523000.0,42103,
768,33,Paul Power,4523000.0,42104,
769,33,Frederic Lattimore,4523000.0,42106,
770,30,Nikki Pollak,20000.0,42109,
771,33,Nathan Robinson,4523000.0,42110,
772,30,Mike Henry,123.0,42111,
773,33,Harold Camarillo,4523000.0,42116,
774,30,Jennie Burkett,1234.0,42126,
775,32,Danny Bowling,1000.0,42130,
776,30,Mary Weber,1234.0,42131,
777,30,George Rall,1234.0,42138,
778,30,Sandra Swem,1234.0,42139,
779,20,Joshua Jacobs,10000000.0,42141,
780,30,Ronald Reed,1234.0,42148,
781,23,Bryan Hill,123.0,42155,
782,23,Jean Scott,123.0,42157,
783,23,James Macchiaroli,123.0,42163,
784,23,Lauren Neaves,123.0,42166,
785,23,Lori Marino,1185.0,42170,
786,20,Charles Eden,10000000.0,42175,
787,23,Nellie Miles,123.0,42176,
788,12,Eula Vigil,15000.0,42177,
789,23,Richard Maldonado,123.0,42179,
790,23,Frank Torres,34535.0,42181,
791,22,Brian Sibley,100098.0,42182,
792,23,David Steinert,123.0,42183,
793,23,Carl Capulong,123.0,42187,
794,23,Werner Camacho,123.0,44990,
795,23,Tammy Carroll,123.0,44992,
796,12,Valerie Wilkinson,12000.0,44994,
797,12,Jessica Erdman,12000.0,44995,
798,12,Robert Schmidt,12000.0,44997,
799,36,Joseph Mason,2983.0,44998,
800,12,Albert Chaires,12000.0,45000,
801,13,Maria Hopper,14.0,45001,
802,123,Robin Knott,23.0,45002,
803,23,James Davis,123.0,45004,
804,23,Dorothy Sterling,123.0,45009,
805,35,Tyler Rockett,4000.0,45010,
806,11,Vern Manes,12345.0,45015,
807,12,Karen Fleury,50.0,45016,
808,12,Felix Rembert,0.0,45022,
809,234,Lucy Pearce,53454345.0,45023,
810,2332,Ken Collins,23445654.0,45028,
811,11,Mary Arnold,12345.0,45030,
812,123,Claretta Urena,123.0,45034,
813,12,Earnest Griffith,12.0,45036,
814,12,Jimmy Walters,123456.0,45037,
815,29,Donna Giles,123.0,45038,
816,23,Joy Mitchell,345677654.0,45043,
817,32,Brandon Mclaine,50.0,45047,
818,432,Marla Robinson,345676543.0,45048,
819,12,Cecil Essary,12.0,45050,
820,23,Anita Brown,123.0,45051,
821,0,Samuel Dewan,234.0,45059,
822,21,Tyson Myers,1212.0,45060,
823,34,Delores Aubry,50.0,45068,
824,233432,Donna Wells,345676543.0,45069,
825,33,Ricardo Smith,233343.0,45070,
826,23,Gino Douglas,123.0,45074,
827,23,Willie White,34543.0,45078,
828,3,Maura Ball,2333.0,45079,
829,2,Carol Foster,235.0,45080,
830,23,Dawn Hastings,321.0,45081,
831,23,Ruth Larson,123.0,45082,
832,1,Jenny Patterson,12.0,45083,
833,23,Lucille Aldrich,123.0,45089,
834,11,James Selman,12345.0,45090,
835,23,Roberta Warren,123.0,45091,
836,0,Kim Lawrence,0.0,45096,
837,23,Sarah Rodriguez,123.0,45097,
838,23,Melissa Boyce,123.0,45098,
839,23,Winston King,123.0,45100,
840,24,Dawn Vineyard,34.0,45102,
841,23,Robert Morris,123.0,45107,
842,23,Elizabeth Norman,123.0,45109,
843,0,Juan Houck,47.0,45110,
844,34,Mary Bianco,423.0,45112,
845,23,Brenda Decker,123.0,45113,
846,23,Irene Mitchell,123.0,45125,
847,23,Antonio Stensrud,123.0,45127,
848,23,Cathy Blair,2343.0,45128,
849,23,Mara Jennings,123.0,45129,
850,25,John Humes,4500.0,45130,
851,23,Patrick Fine,123.0,45135,
852,23,Elizabeth Ehret,123.0,45137,
853,12,Patrick Woytowich,123.0,45139,
854,11,George Stewart,12345.0,45141,
855,54,Victoria Seaton,45.0,45145,
856,51,Sharlene Webb,88.0,45146,
857,23,Louis Weaver,123.0,45149,
858,11,Megan Jensen,12345.0,45150,
859,11,Glenda Goodwin,12345.0,45151,
860,123,Matthew Chalmers,123.0,45155,
861,24,Richard Conti,1234.0,45159,
862,555,Brittany Jones,555.0,45162,
863,26,Terri Greggs,1234.0,45163,
864,66565,Tawny Barrett,565656.0,45168,
865,11,Janice Landis,12345.0,45169,
866,655,Octavia Dunlap,656565.0,45172,
867,23,Leo Hayek,123.0,45176,
868,1,Kenneth Holguin,23456543.0,45177,
869,23,Doris White,123.0,45206,
870,23,Jeannie Egnew,123.0,45209,
871,23456,Earl Lopez,21345.0,45211,
872,23,Johnny Eaton,123.0,45220,
873,23,Jeanne Bullard,123.0,45221,
874,26,Elizabeth Hurley,99999.0,45233,
875,23,Edward Bradley,123.0,45234,
876,8,Rebecca Hensley,80000.0,45235,
877,23,Peter Banister,1123.0,45239,
878,33,Phillip Kline,54556.0,45241,
879,34,Barbara Elliott,123.0,45244,
880,34,Howard Martin,123.0,45245,
881,30,Brian Stone,9999.0,45246,
882,23,Magnolia Standre,123.0,45247,
883,23,Philip Schneider,123.0,45248,
884,23,Amy Fresh,123.0,45249,
885,23,Meg Paille,123.0,45252,
886,23,Marcia Asakura,123.0,45253,
887,35,Carlton Kidd,4000.0,45254,
888,123456,Dora Dalessio,234567.0,45258,
889,123456,Mabel Chambers,123456.0,45259,
890,23,Floyd Vega,123.0,45266,
891,12,Teresa Barton,23234.0,45269,
892,23,Jarrod Warden,123.0,45270,
893,23,Idalia Walker,44556.0,45271,
894,32,Luis Rew,124.0,45272,
895,41,Jeanette Fleming,139.0,45278,
896,2,Dewey Doyle,234543.0,45285,
897,33,Charles Rosel,4000.0,45287,
898,50,Helen Dewitt,156.0,45291,
899,32,Jerry Simpson,9992.0,45292,
900,95,Fidel Wolpert,10.0,45295,
901,8,Howard Luna,121.0,45298,
902,32,Veronica Schweitzer,124.0,45304,
903,33,James Roorda,124.0,45305,
904,35,Teresa Wooster,124.0,45307,
905,31,Janet Aguilar,124.0,45309,
906,30,Lynda Costello,124.0,45311,
907,32,William Davis,124.0,45312,
908,8,Julian Hearn,80000.0,45313,
909,23,Kenneth Simons,123.0,45314,
910,8,Pamela Smith,80000.0,45320,
911,38,Aimee Stice,29000.0,45321,
912,28,Carmen Andueza,2000.0,45328,
913,96,Elisa Nelson,119.0,45337,
914,81,Michael Hager,201.0,45338,
915,23,Joseph Brandon,123.0,45339,
916,8,Tanya Hallaway,146.0,45345,
917,23,Ann Nickels,123.0,45346,
918,29,James Wong,3000.0,45356,
919,18,Fred Reed,1984.0,45358,
920,18,Jennifer Smith,1984.0,45359,
921,18,Judy Moody,1984.0,45360,
922,18,Dennis Swanson,1984.0,45361,
923,8,Mildred Manery,80000.0,45362,
924,18,david14:43:22,1984.0,45363,
925,8,Kimberly Mccown,80000.0,45364,
926,18,Ryan Smith,1984.0,45365,
927,8,Michael Maco,80000.0,45366,
928,7,Evan Brown,102.0,45367,
929,8,Roberta Fredericks,80000.0,45368,
930,23,Charles Avitia,123.0,45369,
931,26,Fred Schneider,99999.0,45372,
932,26,Beverly Argueta,99999.0,45373,
933,26,Anne Mcgregor,99999.0,45374,
934,26,Jose Garcia,99999.0,45375,
935,18,Mary Long,1984.0,45377,
936,18,James Otto,1984.0,45378,
937,18,Ashley Harrison,1984.0,45379,
938,18,Tony Wells,1984.0,45380,
939,18,Chad Lourentzos,1984.0,45381,
940,18,Gilbert Locy,1984.0,45382,
941,18,James Johnson,1984.0,45383,
942,18,Connie Peterson,1984.0,45384,
943,18,Ralph Allen,1984.0,45385,
944,18,Darin Patel,1984.0,45386,
945,33,Ralph Barna,5555.0,45387,
946,8,Sarah Oldham,80000.0,45388,
947,34,Augustine Warren,9994.0,45389,
948,8,Karl Cleveland,80000.0,45390,
949,35,Hibou5,9995.0,45391,
950,8,Franklin Sommer,80000.0,45392,
951,8,Steve Spivey,80000.0,45393,
952,8,Darrel Harrison,80000.0,45394,
953,8,Marlene Valenzuela,80000.0,45395,
954,8,Stella Fowler,80000.0,45396,
955,8,Peter Lusher,80000.0,45397,
956,23,Rose Smith,123.0,45402,
957,8,Edna Koski,80000.0,45403,
958,8,Zachary Wilkinson,80000.0,45404,
959,8,Russell Beaucage,80000.0,45405,
960,8,Debra Watson,80000.0,45406,
961,23,Sallie Pangelinan,123.0,45407,
962,253,Winston Wagner,1123.0,45408,
963,23,Ralph Canaday,123.0,45409,
964,27,Luis Gaynor,33.0,45410,
965,313,Helen Kim,99913.0,45411,
966,313,Joyce Finkelstein,99913.0,45412,
967,313,Ernest Beard,99913.0,45413,
968,23,Anna Hawthorne,123.0,45415,
969,23,Steve Espinoza,123.0,45417,
970,23,Cory Taylor,123.0,45422,
971,23,Yvette Kornfeld,123.0,45423,
972,23,Antoinette Murphy,123.0,45424,
973,23,Virgil Hess,123.0,45425,
974,23,Lidia Moore,123.0,45426,
975,33,Deborah Miller,4000.0,45427,
976,23,William Couley,123.0,45428,
977,38,Michael Cade,29000.0,45431,
978,23,Jennifer Deibert,123.0,45433,
979,18,Sharon Tenney,1984.0,45437,
980,18,Leroy Fisher,1984.0,45438,
981,18,Guillermo Ogata,1984.0,45439,
982,18,Warren Ritter,1984.0,45440,
983,18,Beverly Twitt,1984.0,45441,
984,18,Alejandro Boswell,1984.0,45442,
985,18,Josette Pendry,1984.0,45443,
986,23,Erin Holgerson,123.0,45444,
987,18,Cheryl Moser,1984.0,45445,
988,18,James Worrell,1984.0,45447,
989,18,Melinda Swigart,1984.0,45449,
990,23,Kristen Maxson,123.0,45450,
991,23,Maryanne Lupo,123.0,45451,
992,23,Robert Gallegos,123.0,45452,
993,23,Joaquin Paul,123.0,45453,
994,33,Dorothy Islas,1000.0,45459,
995,23,Scott Snell,123.0,45461,
996,23,Mike Murray,123.0,45462,
997,23,Thomas Harris,123.0,45463,
998,34,Jacob Crook,2000.0,45465,
999,35,Sarah Quintanilla,3000.0,45466,
1000,23,Latasha Given,123.0,45470,
1001,18,Rhonda Finley,1984.0,45471,
1002,18,Brenda Bustos,1984.0,45472,
1003,18,Boyd Tarter,1984.0,45473,
1004,18,Rose Early,1984.0,45474,
1005,18,William Sutton,1984.0,45475,
1006,18,William Stone,1984.0,45476,
1007,18,Juan Fimbres,1984.0,45477,
1008,23,Joan Teague,123.0,45478,
1009,18,Malcolm Smith,1984.0,45479,
1010,18,Brandon Odom,1984.0,45481,
1011,18,Brenda Peachey,1984.0,45483,
1012,23,Rebecca Gaines,123.0,45490,
1013,23,Kim Martin,123.0,45498,
1014,23,Richard Laur,123.0,45507,
1015,23,Eugene Anderson,123.0,45513,
1016,23,Gladis Solomon,123.0,45514,
1017,23,Jared Medcalf,123.0,45515,
1018,30,Adam Mccourt,99990.0,45516,
1019,30,Staci Causey,9999.0,45517,
1020,23,Daniel Funes,123.0,45519,
1021,23,Georgia Stephens,123.0,45520,
1022,23,Gloria Jones,123.0,45521,
1023,38,Sadie Shively,29000.0,45522,
1024,23,Desmond Michaud,123.0,45525,
1025,23,William Curtin,123.0,45528,
1026,23,Martha Lowery,123.0,45529,
1027,23,George Compo,123.0,45530,
1028,23,Maria Finley,123.0,45531,
1029,23,Marjorie Parsley,123.0,45532,
1030,23,William Tipton,123.0,45533,
1031,23,Jesse Davis,123.0,45535,
1032,23,Lance Hittle,123.0,45537,
1033,23,Latasha Smith,123.0,45538,
1034,5,Lori Cummings,53.0,45543,
1035,23,Marjorie Mcnair,123.0,45544,
1036,23,Jay Allen,123.0,45545,
1037,23,Tanya Ewing,123.0,45546,
1038,58,Lamont Morris,34662.0,45547,
1039,23,Jennifer Cornwell,123.0,45551,
1040,23,Graciela Pileggi,123.0,45552,
1041,23,Beth Taylor,123.0,45553,
1042,60,Becky Riddle,63919.0,45554,
1043,23,Stuart Olinger,123.0,45556,
1044,8,Lloyd Pavlick,80000.0,45566,
1045,32,Lois Davis,1232.0,45567,
1046,23,Oscar Stewart,123.0,45571,
1047,23,Linda Williams,123.0,45572,
1048,23,James Kirby,123.0,45573,
1049,23,Faye Pimentel,123.0,45586,
1050,8,Gail Kay,80000.0,45587,
1051,23,Susan Stein,123.0,45589,
1052,23,Stephanie Drewniak,123.0,45591,
1053,23,Joseph Kin,123.0,45592,
1054,23,Margot Wilcox,123.0,45593,
1055,23,Roger Ortiz,123.0,45599,
1056,23,Emily Dickey,123.0,45600,
1057,38,Ruby Galbreath,29000.0,45601,
1058,23,Laureen Manske,123.0,45602,
1059,8,Gene Jones,80000.0,45603,
1060,23,Sharon Chidester,123.0,45605,
1061,0,Jacob Grulkey,0.0,45606,
1062,23,Jerry Smith,123.0,45607,
1063,253,Lisa Hull,1123.0,45608,
1064,23,Vickie Kreutzer,123.0,45609,
1065,26,Warren Barrentine,99999.0,45610,
1066,456,Demetrius Simmons,56456.0,45611,
1067,23,Fred Mcclelland,123.0,45612,
1068,23,Timothy Cunningham,123.0,45613,
1069,23,Jacquelynn Guyette,123.0,45614,
1070,38,Mary Hursh,29000.0,45620,
1071,8,Carol Macmillan,80000.0,45621,
1072,8,Jessie Walker,80000.0,45622,
1073,8,Lillian Martin,80000.0,45623,
1074,26,Donnie Theall,99999.0,45628,
1075,18,Amanda Buddenhagen,1984.0,45630,
1076,18,Raymond Rawlins,1984.0,45632,
1077,23,Michele Jorge,1123.0,45634,
1078,26,John Jeffrey,99999.0,45641,
1079,18,Valerie Rilley,1984.0,45642,
1080,12,Virginia Woodward,235.0,45643,
1081,18,Hubert Ferrigno,1984.0,45645,
1082,44,Norma Spangle,128.0,45646,
1083,99,Curtis Willis,9999.0,45649,
1084,38,James Gray,29000.0,45650,
1085,18,Marion Willmore,1984.0,45651,
1086,23,Kayla Cole,123.0,45656,
1087,31,Paul Hill,228.0,45657,
1088,82,Betty Kertesz,178.0,45659,
1089,99,Anna Grooms,9999.0,45660,
1090,42,Jennifer Brodersen,46.0,45661,
1091,26,Michael Holden,99999.0,45662,
1092,23,Joe Espino,123.0,45664,
1093,99,Alice Boldosser,9999.0,45666,
1094,18,Joshua Perez,1984.0,45667,
1095,68,Michelle Jones,118.0,45668,
1096,23,Vernell Hawes,123.0,45669,
1097,23,Randy Armstrong,123.0,45670,
1098,18,Samantha Reyes,1984.0,45671,
1099,23,Sonny Brown,123.0,45672,
1100,23,Steve Taylor,123.0,45673,
1101,38,Andrew Worthen,29000.0,45674,
1102,32,Henry Copeland,156.0,45678,
1103,38,Alisha Briney,29000.0,45681,
1104,8,Linda Fish,80000.0,45682,
1105,8,Walter Blane,80000.0,45683,
1106,23,Robert Dabe,123.0,45686,
1107,55,Robert Mooneyham,5555.0,45687,
1108,18,Jack Sanders,1984.0,45688,
1109,23,Michael Houchins,123.0,45689,
1110,38,William Menefield,29000.0,45690,
1111,23,Nick Mcgaughey,123.0,45691,
1112,18,Julie Berstein,1984.0,45694,
1113,8,Martin Jones,80000.0,45696,
1114,27,Jeff Walker,100000.0,45698,
1115,23,Trevor Cowan,123.0,45699,
1116,23,Thomas Steel,123.0,45700,
1117,23,Alexander Lyster,123.0,45701,
1118,18,Linda Sisto,1984.0,45702,
1119,23,Ricardo Boggio,123.0,45704,
1120,23,Debra Foust,123.0,45705,
1121,45,Theodore Batton,45.0,45706,
1122,32,Laura Chan,1232.0,45708,
1123,18,Jack Follmer,1984.0,45709,
1124,23,Melissa Morales,1123.0,45717,
1125,53,Aurora Brewer,198.0,45721,
1126,23,Andrew Steele,123.0,45722,
1127,23,Lewis Rio,123.0,45723,
1128,23,Eric Roberts,123.0,45724,
1129,23,Traci Gardner,123.0,45725,
1130,23,Christopher Wilson,123.0,45726,
1131,23,Albert Johnson,123.0,45727,
1132,18,Beth Vo,1984.0,45728,
1133,79,Edward Hereford,212.0,45731,
1134,23,Gene Powell,123.0,45733,
1135,23,Barbara Green,123.0,45734,
1136,52,Amy Justice,456.0,45735,
1137,23,Mary Funk,123.0,45736,
1138,23,Lee Rutledge,123.0,45737,
1139,23,Jean Belew,123.0,45738,
1140,38,Annie Pitcher,29000.0,45739,
1141,18,Stacy Farrell,1984.0,45740,
1142,23,Gilberto Knight,123.0,45741,
1143,23,Jean Anderson,123.0,45742,
1144,23,Michel Hutchison,123.0,45744,
1145,23,Michael Campbell,123.0,45746,
1146,23,Roderick Graham,123.0,45747,
1147,23,Bulah Currie,123.0,45748,
1148,18,Kenneth Henley,1984.0,45749,
1149,35,Cassandra Jones,4000.0,45757,
1150,99,Mark Maas,9999.0,45758,
1151,18,Emily Phillips,1984.0,45778,
1152,55,Michael Mason,5555.0,45780,
1153,99,Lynna Lasure,111111111.0,45782,
1154,23,Carolyn Pham,123.0,45796,
1155,23,Walter Greene,123.0,45797,
1156,23,Rene Brown,123.0,45798,
1157,23,Stanley Carreon,123.0,45799,
1158,23,Victoria Rudio,123.0,45801,
1159,23,Lorenza Barnes,123.0,45802,
1160,23,Phillip Booher,123.0,45804,
1161,18,Adam Nyman,1984.0,45805,
1162,23,Francesco Jackson,123.0,45806,
1163,18,Jody Proudfoot,1984.0,45809,
1164,35,Carolyn Gilchrist,4000.0,45811,
1165,18,Kathleen Singleton,1984.0,45812,
1166,18,Lynn Jackson,1984.0,45813,
1167,27,Manuel Martin,100000.0,45814,
1168,27,Janine Martinez,100000.0,45815,
1169,55,David Smith,5555.0,45816,
1170,31,Patricia Mclain,229.0,45817,
1171,18,Delores Edgington,1984.0,45821,
1172,18,Gwendolyn English,1984.0,45827,
1173,23,Casandra Mullen,123.0,45828,
1174,23,Robert Bruton,123.0,45831,
1175,10,Camille Blackmon,212.0,45838,
1176,47,Juanita Buzzard,1123.0,45843,
1177,23,Stephen Gray,123.0,45844,
1178,10,Julie Hightower,10.0,45846,
1179,8,William Brown,80000.0,45849,
1180,10,Bambi Layman,10.0,45850,
1181,18,Ricky Belle,1984.0,45852,
1182,38,Craig Tingle,29000.0,45855,
1183,18,Marie Gaudio,1984.0,45857,
1184,23,Melodie Olmeda,123.0,45859,
1185,23,Neal Metz,123.0,45869,
1186,23,Terry Lee,123.0,45870,
1187,23,John Olmstead,1123.0,45872,
1188,18,Pamela Waite,1984.0,45874,
1189,23,Kelvin Montgomery,123.0,45881,
1190,10,Mark Mazon,10.0,45886,
1191,23,Jose Solis,123.0,45889,
1192,18,Margaret West,1984.0,45890,
1193,23,Sidney Godfrey,1123.0,45891,
1194,99,Marianne Martens,11111.0,45895,
1195,23,Carol Skeels,39000.0,45897,
1196,18,Ann Woodson,1984.0,45898,
1197,46,Bessie Schleck,8.0,45899,
1198,23,John Bell,123.0,45900,
1199,23,Olivia Mahaffy,123.0,45901,
1200,23,Luz Miller,123.0,45902,
1201,23,James Hadnot,123.0,45904,
1202,23,Clara Arroyo,123.0,45905,
1203,56,Betsy Raines,4000.0,45906,
1204,10,Marilyn Benoit,10.0,45918,
1205,10,James Stergios,10.0,45919,
1206,10,Earl Howard,10.0,45920,
1207,99,John Hockaday,0.0,45921,
1208,23,Jesse Kendrick,123.0,45922,
1209,23,Cheri Mclean,123.0,45923,
1210,23,Richard Edmonds,123.0,45926,
1211,23,Candace Ritchey,123.0,45928,
1212,23,Juliana Galloway,123.0,45930,
1213,23,Darrell Wilson,1123.0,45937,
1214,18,Ernie Mansfield,1984.0,45938,
1215,18,Christina Vesey,1984.0,45939,
1216,18,Asha Linch,1984.0,45940,
1217,18,Frederick Mackenzie,1984.0,45941,
1218,18,Oscar Roche,1984.0,45942,
1219,18,James Allie,1984.0,45943,
1220,18,Jane Miller,1984.0,45944,
1221,18,Debbie Tutt,1984.0,45945,
1222,18,Judith Robin,1984.0,45946,
1223,23,Vernie Sparks,123.0,45948,
1224,18,Marilyn Hilbert,1984.0,45949,
1225,23,Charles Slipper,123.0,45950,
1226,253,Steven Eldridge,1123.0,45951,
1227,253,Kenneth Driskell,1123.0,45952,
1228,23,William Bubrig,123.0,45953,
1229,253,Mildred Hoag,1123.0,45954,
1230,253,Jaime Steiner,1123.0,45955,
1231,253,Raymond Gault,1123.0,45956,
1232,23,Edward Campos,123.0,45958,
1233,99,Mary Bryant,11111111.0,45960,
1234,23,Alicia Hawkins,123.0,45961,
1235,55,Brett Wisner,5555.0,45962,
1236,55,Rachel Wilson,5555.0,45963,
1237,55,Krissy Watts,5555.0,45964,
1238,55,Susan Starling,5555.0,45965,
1239,55,James Bradford,5555.0,45966,
1240,55,Sheree Sims,5555.0,45967,
1241,55,Jean Benoit,5555.0,45968,
1242,55,Ricardo Lamoreaux,5555.0,45969,
1243,55,Kathleen Ramirez,5555.0,45971,
1244,55,Linda Clifton,5555.0,45972,
1245,23,Patrick Close,123.0,45973,
1246,322,Jacqueline Herman,1232.0,45976,
1247,99,Charlotte Dargie,11111111.0,45978,
1248,99,Catherine Seals,11111111.0,45981,
1249,23,Michael Hoke,123.0,45983,
1250,99,Edward Makhija,11111111.0,45984,
1251,99,Toni Sharp,11111111.0,45985,
1252,99,Jackie Batson,11111111.0,45986,
1253,99,Ralph Harrison,11111111.0,45988,
1254,99,James Gonyea,11111111.0,45989,
1255,99,Violet Price,11111111.0,45990,
1256,10,Peter Alvarez,10.0,45992,
1257,99,Octavia Cremer,11111111.0,45993,
1258,10,Cynthia Moran,10.0,45994,
1259,99,William Rogowski,11111111.0,45995,
1260,99,Judi Wilhite,11111111.0,45996,
1261,23,John Florence,123.0,45998,
1262,23,Rudy Glahn,123.0,45999,
1263,99,Kirk Lewis,11111111.0,46000,
1264,23,Amy Shannon,123.0,46001,
1265,99,Fred Royster,11111111.0,46002,
1266,99,Paul Jennings,11111111.0,46003,
1267,99,Lewis Gann,11111111.0,46004,
1268,99,Camelia Martin,11111111.0,46005,
1269,99,Fred Whaley,11111111.0,46006,
1270,99,David Trogdon,11111111.0,46009,
1271,99,Carey Darnell,11111111.0,46010,
1272,99,Annamarie Garcia,11111111.0,46011,
1273,99,Kyle Muncy,11111111.0,46013,
1274,99,Marion Southern,11111111.0,46018,
1275,99,Leanne Hernandez,11111111.0,46019,
1276,99,Russell Livingston,11111111.0,46020,
1277,99,James Berry,11111111.0,46023,
1278,99,Debbie Wiggin,11111111.0,46025,
1279,99,Jadwiga Staebell,11111111.0,46027,
1280,99,Jennifer Olenius,11111111.0,46029,
1281,99,Javier Dodge,11111111.0,46030,
1282,99,Vera Ramirez,11111111.0,46031,
1283,99,David Blalock,11111111.0,46032,
1284,99,Caroline Ayala,11111111.0,46033,
1285,99,Cathy Smith,11111111.0,46034,
1286,99,Carl Beckley,11111111.0,46035,
1287,99,Clare Smith,11111111.0,46036,
1288,99,Ruth Commander,11111111.0,46037,
1289,99,Larry Hunt,11111111.0,46038,
1290,99,Lila Johnston,11111111.0,46039,
1291,55,Jessica Ortiz,5555.0,46040,
1292,55,Sarah Jones,5555.0,46041,
1293,99,Lillian Garrett,11111111.0,46042,
1294,55,Bernard Wright,5555.0,46043,
1295,99,Martha Kneser,11111111.0,46044,
1296,55,Larry Randall,5555.0,46045,
1297,55,Maria Wright,5555.0,46046,
1298,99,Albert Mcgraw,11111111.0,46047,
1299,55,Martha William,5555.0,46048,
1300,99,Angela Bilski,11111111.0,46049,
1301,99,Curtis Votta,11111111.0,46054,
1302,55,Robert Little,5555.0,46055,
1303,55,Hibow671,5555.0,46057,
1304,99,Frank Cordero,11111111.0,46058,
1305,55,Sherry Askew,5555.0,46059,
1306,99,Dawn Spitz,11111111.0,46060,
1307,99,Joyce Hunsaker,11111111.0,46061,
1308,99,Michael Rose,11111111.0,46062,
1309,23,Evelyn Simon,123.0,46063,
1310,99,John Clancy,11111111.0,46064,
1311,99,Leo Slauson,11111111.0,46066,
1312,99,Constance Quince,11111111.0,46067,
1313,99,William Vanburen,11111111.0,46068,
1314,99,Shelly Allison,11111111.0,46069,
1315,99,William Lee,11111111.0,46071,
1316,99,Ashley Fregoso,11111111.0,46073,
1317,99,Melissa Reed,11111111.0,46074,
1318,99,Adrienne Cabe,11111111.0,46075,
1319,99,Tyrone Poehlman,11111111.0,46076,
1320,99,Cheryl Kibler,11111111.0,46077,
1321,99,Howard Voit,11111111.0,46078,
1322,99,Maggie Munoz,11111111.0,46079,
1323,99,Carol Clarke,11111111.0,46080,
1324,28,Rose Wilson,10000.0,46082,
1325,99,Ben Boles,11111111.0,46094,
1326,25,Irene Maguire,50.0,46095,
1327,3,Cathie Montoro,158.0,46096,
1328,99,Jerry Thompson,11111111.0,46097,
1329,99,Oscar Brown,11111111.0,46099,
1330,99,Geraldine Miller,11111111.0,46100,
1331,99,Anthony Splatt,11111111.0,46101,
1332,99,Gregg Zelaya,11111111.0,46102,
1333,99,Norma Potter,11111111.0,46104,
1334,52,Abraham Smith 2nd,12356.0,46105,
1335,99,April Stephenson,11111111.0,46106,
1336,99,Robert Butler,11111111.0,46108,
1337,99,Deborah Forbes,11111111.0,46111,
1338,99,Maria Anderson,11111111.0,46113,
1339,99,Bruce Shinoda,11111111.0,46115,
1340,99,Ronald Peavy,11111111.0,46116,
1341,99,Jodi Molina,11111111.0,46117,
1342,99,Robert Cormier,11111111.0,46119,
1343,99,Jeffrey Bright,11111111.0,46121,
1344,99,Sherill Lefevre,11111111.0,46122,
1345,99,Ola Olson,11111111.0,46123,
1346,99,Terra Goldbeck,11111111.0,46124,
1347,26,Norma Garcia,194.0,46125,
1348,23,Harry Phelps,123.0,46128,
1349,23,Austin Bickmore,123.0,46142,
1350,34,Curtis Bennett,1123.0,46143,
1351,99,Paul Danforth,11111111.0,46145,
1352,99,Melanie Martin,11111111.0,46148,
1353,99,Kyle Root,11111111.0,46151,
1354,99,Rebecca Gore,11111111.0,46153,
1355,99,Donna Griffith,11111111.0,46155,
1356,99,John Ramirez,11111111.0,46158,
1357,99,Myrtle Gilbertson,11111111.0,46160,
1358,99,Chris Lusk,11111111.0,46162,
1359,99,James Condon,11111111.0,46164,
1360,23,Larry Sutton,123.0,46165,
1361,99,Amber Thom,11111111.0,46167,
1362,99,Susie Gillis,11111111.0,46169,
1363,99,Heidi Farrar,11111111.0,46171,
1364,99,William Renteria,11111111.0,46173,
1365,99,Edward Bumgarner,11111111.0,46176,
1366,99,Lorraine Janczewski,11111111.0,46179,
1367,99,Nicole Underwood,11111111.0,46183,
1368,99,Donna Smith,11111111.0,46186,
1369,99,Phillip West,11111111.0,46188,
1370,99,Carol Booher,11111111.0,46190,
1371,99,Harry Lade,11111111.0,46192,
1372,99,Earl Berenbaum,11111111.0,46195,
1373,99,Tom Dooley,11111111.0,46198,
1374,99,Jesus Moczo,11111111.0,46200,
1375,99,Miguel Wheelock,11111111.0,46202,
1376,99,William Watkins,11111111.0,46204,
1377,99,Sharon Berkey,11111111.0,46206,
1378,99,Tina Nelson,11111111.0,46208,
1379,99,Tari Madrigal,11111111.0,46210,
1380,99,Doris Nail,11111111.0,46212,
1381,99,Marcie Prosser,11111111.0,46216,
1382,99,William Hanrahan,11111111.0,46218,
1383,99,Bulah Bedard,11111111.0,46221,
1384,99,Russell Marshall,11111111.0,46223,
1385,99,Angelita Cochrane,11111111.0,46226,
1386,99,Maria Loyd,11111111.0,46229,
1387,99,Lillian Clark,11111111.0,46232,
1388,99,Janet Espinosa,11111111.0,46235,
1389,99,Angela Williams,11111111.0,46237,
1390,99,Russell Kozlowski,11111111.0,46239,
1391,99,Catherine Jackson,11111111.0,46241,
1392,99,Renato Calhoun,11111111.0,46243,
1393,99,Tom Bradley,11111111.0,46245,
1394,99,Rosemarie Natale,11111111.0,46247,
1395,99,Bonnie Reed,11111111.0,46249,
1396,99,Wayne Miller,11111111.0,46251,
1397,99,Charles Landeros,11111111.0,46253,
1398,99,Patsy Cooper,11111111.0,46255,
1399,99,Steven Kalman,11111111.0,46257,
1400,99,Helen Rentfro,11111111.0,46259,
1401,99,Reyna Paschke,11111111.0,46261,
1402,99,Samuel Anderson,11111111.0,46263,
1403,99,Cheryl Meissner,11111111.0,46265,
1404,99,Jenny Hicks,11111111.0,46267,
1405,99,Peter Ferree,11111111.0,46269,
1406,99,Tessie Mason,11111111.0,46271,
1407,99,Ina Flagge,11111111.0,46273,
1408,99,Lonnie Gunn,11111111.0,46275,
1409,99,Thelma Wooten,11111111.0,46276,
1410,99,Antonia Tisdale,11111111.0,46277,
1411,23,Eva Fleek,123.0,46298,
1412,27,Jared Dixon,1600000.0,46306,
1413,23,Alex Jones,19872.0,46319,
1414,22,Roy Davis,222.0,46370,
1415,22,Zella Foster,22222.0,46372,
1416,10,Brenda Jenkins,100.0,46379,
1417,18,Eugene Driscoll,100500.0,46380,
1418,23,Mary Boniello,433434.0,46381,
1419,18,James Servoss,1000.0,46382,
1420,23,Michael Conner,123.0,46439,
1421,23,Cynthia Vera,123.0,46449,
1422,36,Brenda Rose,5000.0,46495,
1423,12,Elizabeth Fisher,440000.0,46511,
1424,45,Shonta Davis,500000.0,46623,
1425,6,James Matta,123.0,46680,
1426,23,Gerald Swing,123.0,46682,
1427,23,Karen Rodriguez,123.0,46684,
1428,23,William Smith,123.0,46688,
1429,100,Lilly Varney,123456789.0,46734,
1430,20,Dorothy Blanco,100.0,46735,
1431,23,William Rosasco,400.0,46736,
1432,37,Richard Perry,777777.0,46765,
1433,37,Sonya Hill,777777.0,46783,
1434,26,Evelyn Chase,45679.0,46807,
1435,22,Gregory Hansen,123.0,46811,
1436,26,Franklin Tsai,45679.0,46817,
1437,26,Matthew Sanders,45679.0,46824,
1438,26,Tricia Ward,45679.0,46843,
1439,26,Alan Spirko,45679.0,46844,
1440,26,Tina Matherly,45679.0,46845,
1441,26,Joseph Crawford,45679.0,46846,
1442,26,Maria Rega,45679.0,46847,
1443,26,Patricia Orick,45679.0,46848,
1444,26,David Jiles,45679.0,46849,
1445,26,Vincent Carroll,45679.0,46850,
1446,26,Bonnie Copstead,45679.0,46851,
1447,26,Ada Bobbitt,45679.0,46856,
1448,26,Ricky Hoyt,45679.0,46857,
1449,26,Elmer Haitz,45679.0,46858,
1450,26,Yesenia Delara,45679.0,46859,
1451,26,Diana Smith,45679.0,46860,
1452,26,Charles Mauldin,45679.0,46862,
1453,26,Mark Eiland,45679.0,46864,
1454,26,Stephanie Zimmer,45679.0,46865,
1455,26,Victoria Peebles,45679.0,46866,
1456,26,Jose Levine,45679.0,46867,
1457,26,Earl Daniels,45679.0,46868,
1458,26,Jerold Hammond,45679.0,46869,
1459,26,Corinne Strode,45679.0,46870,
1460,26,Alleen Engleberg,45679.0,46871,
1461,26,Dwayne Schoemaker,45679.0,46874,
1462,26,Irene Ferguson,45679.0,46877,
1463,2,Ebony Finwall,0.0,46886,
1464,20,Taylor Clark,2000.0,46887,
1465,34,Brenda Crogan,12000.0,46889,
1466,34,Brandi Lairmore,234000.0,46890,
1467,23,Truman Keller,123.0,46946,
1468,23,Curtis Sigler,123.0,46954,
1469,23,Edwin Bloomer,123.0,46964,
1470,23,Helen Kouba,123.0,46965,
1471,23,Linda Mccorkle,123.0,46966,
1472,23,Mario Brown,123.0,46971,
1473,23,Mildred Rose,123.0,46972,
1474,29,Harry Castaneda,1230940.0,46974,
1475,29,Alicia Rivera,1230940.0,46979,
1476,23,Patrick Hines,123.0,46980,
1477,23,Randi Roberts,123.0,46981,
1478,23,Juanita Dye,123.0,46995,
1479,24,Aubrey Evans,11000.0,47020,
1480,17,Jim Simmons,57600.0,47026,
1481,17,Hilda Hunter,57600.0,47027,
1482,17,Stanley Clark,57600.0,47029,
1483,17,Rosario Aston,57600.0,47033,
1484,17,William Lane,57600.0,47034,
1485,17,Joseph Shaw,57600.0,47035,
1486,45,Austin Colgan,456.0,47056,
1487,12345,Jack Galle,12345.0,47066,
1488,3444,Robert Cleveland,23434545.0,47075,
1489,21,Barbara Williams,123321.0,47081,
1490,23,Shawn Yuen,32.0,47089,
1491,234,Cynthia Hubbs,3456.0,47093,
1492,43,Esther Carroll,563.0,47097,
1493,0,Arthur Millis,0.0,47098,
1494,12,Teresa Chisley,12345678.0,47113,
1495,41,Mary Stone,91313.0,47119,
1496,89,Patricia Gaines,123.0,47121,
1497,23456,Melissa Hoffman,12345.0,47126,
1498,445,Nell Derosier,54545.0,47149,
1499,45,Ulysses Larsen,45454.0,47150,
1500,12,Rusty Burton,123456.0,47155,
1501,22,Constance Chau,123456.0,47161,
1502,23,Ronnie Moore,123.0,47163,
1503,12,Duane Raper,123456.0,47170,
1504,11,Victoria Roberts,12345.0,47177,
1505,23,David Wray,12345678.0,47192,
1506,23,Johnny Davis,12.0,47198,
1507,23,Monique Park,12.0,47206,
1508,23,Todd Angert,199999.0,47217,
1509,23,Norman Shreffler,199999.0,47219,
1510,23,Steven Grant,123.0,47224,
1511,23,Marie Swaim,199999.0,47229,
1512,23,Jerry Alden,123.0,47230,
1513,23,Kendra Smith,123.0,47231,
1514,23,Vickie Uhm,123.0,47233,
1515,20,John Walton,21000.0,47237,
1516,23,George Purgason,123.0,47242,
1517,23,Hattie Blea,123.0,47246,
1518,23,Laura Bella,123.0,47247,
1519,25,Matthew Ferguson,12000.0,47264,
1520,26,Alice Jenness,123.0,47269,
1521,26,James Siegel,123.0,47270,
1522,26,Stephen Corning,61888.0,47272,
1523,2883,Charlotte Taylor,654646456.0,47274,
1524,26,Andrea Pennington,61888.0,47276,
1525,12121,Judith Huff,121.0,47285,
1526,4545,Scott Boore,121.0,47286,
1527,0,Arthur Yates,900000.0,47287,
1528,12,Kenneth Weber,12345.0,47288,
1529,30,Penny Chalk,12399.0,47289,
1530,60,Joseph Barnes,54244.0,47290,
1531,60,Tracy Sheppard,54244.0,47291,
1532,141,Nicholas Brown,141.0,47298,
1533,323,Eduardo Overholt,2323.0,47299,
1534,60,Bradley Moore,20198.0,47301,
1535,23,Von Catalano,200.0,47302,
1536,19,Mary Krieger,69821.0,47304,
1537,23,Mark Anderson,19876623.0,47361,
1538,23,Joann Menendez,123.0,47388,
1539,23,Samuel Charles,123.0,47389,
1540,23,Benjamin Cabral,123.0,47394,
1541,23,James Cunningham,123.0,47402,
1542,22,Jacques Kerns,20000.0,47406,
1543,23,Cynthia Greenwood,123.0,47416,
1544,23,Ruth Pye,123.0,47432,
1545,12,Sean Bryan,123.0,47434,
1546,12,Samantha Cordes,19.0,47437,
1547,13,Mary Wright,123.0,47440,
1548,23,Paul Baxter,59876.0,47448,
1549,22,Charles Lail,90000.0,47451,
1550,23,Ben Loucks,19876623.0,47463,
1551,27,Glen Riggan,20000.0,47464,
1552,70,Cheryl Mcewen,50.0,47466,
1553,23,Shawn Stamps,19876623.0,47468,
1554,27,Phyllis Paul,123.0,47492,
1555,30,Thomas Guarnieri,999999.0,47499,
1556,12,Gloria Whyte,2588.0,47501,
1557,26,Deanna Deangelo,1222.0,47505,
1558,23,Nicole Hinton,19876623.0,47511,
1559,27,Brian Hokenson,1123.0,47528,
1560,23,Anna Stone,123.0,47532,
1561,23,Betty Bolton,123.0,47535,
1562,23,Jesica Moyer,19876623.0,47537,
1563,51,Katherine Woodard,12345.0,47541,
1564,0,Michael Stewart,2.0,47542,
1565,44,Theodore Cervantes,25579.0,47543,
1566,0,Valerie Northrup,0.0,47545,
1567,0,Jessica Tavares,2.0,47548,
1568,27,Will Corey,1123.0,47553,
1569,23,Patrick Ortiz,123.0,47563,
1570,24,Jim Williams,234.0,47567,
1571,23,Joseph Stephan,123.0,47574,
1572,0,KSplYuGHpbTERRU2DCvV,0.0,47579,
1573,23,Nafeel123,1123.0,47582,
1574,23,testS1,123.0,47583,
1575,32,test,123.0,47584,
1576,233,test010,1123.0,47587,
1577,2,1s2fvr3VQieKlWbYsKFs,52222.0,47589,
1578,23,test1,123.0,47604,
1579,18,student_ss,100500.0,47605,
1580,128,lol,1356.0,47611,
1581,23,weirdo1,123.0,47615,
1582,22,9t21Q7st6lzAtaJBZUpc,222220.0,47622,
1583,12,7j4xVFuYHuxzrGaGFCrB,20000.0,47623,
1584,26,Maniraj08,1222.0,47624,
1585,0,"""test""",0.0,47635,
1586,29,Roopanbabu127,123.0,47636,
1587,25,shalini ,9088888.0,47701,
1588,35,Ionescu 5shpe,19876623.0,47743,
1589,35,Ionescu Saispe,19876623.0,47748,
1590,52,testing,456.0,47790,
1591,35,Ionescu Sapteshpe,19876623.0,47793,
1592,35,Ionescu SaispeZece,19876623.0,47794,
1593,35,Ionescu Opteshpe,19876623.0,47798,
1594,0,Jacques Albeza,9999999999999.0,47799,
1595,35,Ionescu SaispeZecefdf,19876623.0,47801,
1596,23,test111,123.0,47828,
1597,29,velu,12345.0,47833,
1598,50,Alexander,1234.0,47838,
1599,50,Dieggo,1234.0,47840,
1600,23556,test3,1238789.0,47876,
1601,273,test90,1233434354.0,47877,
1602,0,veluppp,12345.0,47881,
1603,0,velasdasdwerwer,12345.0,47883,
1604,50,Dieggo121,1234.0,47892,
1605,50,Dieggo1221,1234.0,47893,
1606,50,Dieggo45121,1234.0,47901,
1607,50,Dieggo4521,1234.0,47905,
1608,50,Diegg4521,1234.0,47906,
1609,22,Aleksei,950.0,47908,
1610,22,Javero,950.0,47910,
1611,50,Dieggo4asdas521,1234.0,47911,
1612,22,Kennedy,950.0,47912,
1613,22,Kennedxy,950.0,47917,
1614,50,Dsda21,1234.0,47918,
1615,50,Dsa21,1234.0,47919,
1616,50,Dsa4121,1234.0,47920,
1617,50,Dsa41121,1234.0,47921,
1618,22,Loadtesting,950.0,47922,
1619,22,Inkacola,950.0,47924,
1620,22,Loadtesting2,950.0,47928,
1621,22,Loadtesting3,950.0,47929,
1622,26,Maniraj09,1222.0,47931,
1623,26,Maniraj10,1222.0,47933,
1624,150,Dsa411212,12134.0,47938,
1625,22,Loadtesting4,950.0,47944,
1626,22,Loadtesting5,950.0,47947,
1627,22,Loadtesting6,950.0,47950,
1628,22,Loadtesting7,950.0,47954,
1629,22,Loadtesting8,950.0,47955,
1630,22,Loadtesting9,950.0,47958,
1631,27,Maniraj12,1222.0,47963,
1632,23,appleNext,123.0,47967,
1633,29,Carlos,3000.0,47968,
1634,27,maniraj13,1222.0,47981,
1635,23,wertxsdf,123.0,47995,
1636,23,ertxsdf,123.0,47997,
1637,23,hrtxsdf,123.0,48005,
1638,23,erwertxsdf,123.0,48011,
1639,23,eiowertxsdf,123.0,48016,
1640,26,Wuinton C,1123.0,48021,
1641,23,iytvbgwertxsdf,123.0,48022,
1642,23,iazsdesdf,123.0,48029,
1643,22,Loadtesting10,950.0,48030,
1644,23,iazstresdf,123.0,48032,
1645,22,Loadtesting12,950.0,48034,
1646,22,Loadtesting13,950.0,48036,
1647,22,Loadtesting14,950.0,48037,
1648,23,qwertxsdyui,123.0,48044,
1649,22,Loadtesting15,950.0,48045,
1650,23,ttwertxsdyui,123.0,48046,
1651,22,Loadtesting16,950.0,48047,
1652,22,Loadtesting17,950.0,48049,
1653,23,trewertxsdyui,123.0,48051,
1654,23,bewertxsdyui,123.0,48054,
1655,23,wertxsdyui,123.0,48056,
1656,23,iiiertxsdyui,123.0,48058,
1657,22,Loadtesting18,950.0,48059,
1658,22,Loadtesting19,950.0,48060,
1659,23,iiertxsdyui,123.0,48061,
1660,36,testsri3,99999.0,48062,
1661,22,Loadtesting20,950.0,48071,
1662,23,test232323222323,123.0,48075,
1663,23,test2232323232323232,123.0,48077,
1664,23,test314,1500.0,48079,
1665,22,Loadtesting21,950.0,48081,
1666,22,Loadtesting22,950.0,48085,
1667,22,Loadtesting23,950.0,48088,
1668,23,test3140,1500.0,48090,
1669,22,Loadtesting24,950.0,48094,
1670,22,Loadtesting26,950.0,48097,
1671,22,Loadtesting27,950.0,48102,
1672,22,Loadtesting29,950.0,48106,
1673,22,loadtest1308458145,950.0,48113,
1674,22,loadtest-110144022,950.0,48114,
1675,22,loadtest-622624560,950.0,48116,
1676,22,loadtest-1779260116,950.0,48117,
1677,23,Sejo,123.0,48118,
1678,22,loadtest-714944220,950.0,48119,
1679,23,Sejo1,123.0,48121,
1680,22,loadtest101,950.0,48122,
1681,22,loadtest112,950.0,48126,
1682,24,ASD123,90099.0,48127,
1683,22,loadtest196,950.0,48129,
1684,22,loadtest94,950.0,48130,
1685,22,loadtest32,950.0,48131,
1686,25,test2,123566.0,48137,
1687,22,loadtest100,950.0,48151,
1688,23,tests,123.0,48174,
1689,23,testssss,123.0,48175,
1690,23,testsssss,123.0,48179,
1691,27,suman,33.0,48188,
1692,23,tes1t,123.0,48191,
1693,0,  ,0.0,48192,
1694,83,shrita_mukka,11000.0,48197,
1695,23,test48,123.0,48206,
1696,123,TestEmployee,123.0,48219,
1697,123,TestEmployeeZara,123.0,48221,
1698,0,Array,0.0,48226,
1699,52,clow	,10000.0,48228,
1700,22,aaaaa,125999.0,48229,
1701,18,Name For Test,2000.0,48238,
1702,52,Abraham Smith 2nd.,123.0,48244,
1703,52,aaaasassddclow,125000.0,48245,
1704,23,test49,123.0,48268,
1705,23,test50,123.0,48294,
1706,23,test51,123.0,48306,
1707,23,test52,123.0,48331,
1708,23,test53,123.0,48347,
1709,23,54est,123.0,48373,
1710,29,Manish23757575757245,1230940.0,48378,
1711,0,{{username}},0.0,48419,
1712,23,testuser f8593852-a4bd-4695-8b11-161fda17268a ,123.0,48465,
1713,23,testuser 19916626-c914-4d57-b248-e34a5b98b6cb ,123.0,48466,
1714,33,samay,100.0,48468,
1715,23,testuser 7584bf8f-b2a4-4a63-aed8-fc27cca84462 ,123.0,48492,
1716,23,testuser b463312c-edf8-4128-a8ff-c8028aa7a07c ,123.0,48494,
1717,23,testuser 079da040-b8bb-46ca-ad5d-a84a72427e6f ,123.0,48496,
1718,23,testuser f504a509-c8d5-4bed-8eda-7d4d991bad1c ,123.0,48498,
1719,0,{{username}} 433fa9e7-4411-4794-820a-b027fc4833eb,0.0,48500,
1720,23,testuser 5e79160f-78db-42ff-ac7f-d630a11506de ,123.0,48501,
1721,0,{{newusername}},0.0,48502,
1722,23,testuser a5302df8-c5b3-4963-9dee-1c963362cba6 ,123.0,48503,
1723,34,samaysimant,200.0,48504,
1724,29,Manish237587687687575757245,1230940.0,48505,
1725,23,testuser 39a1d788-4270-4d84-acc0-a8694bc68c06 ,123.0,48509,
1726,33,samay c1e7a882-78fa-47cc-b9e8-06043197dd20,100.0,48510,
1727,23,testuser c5ce52f0-adb8-42be-abc1-71fcfa101d5b ,123.0,48511,
1728,33,samay 274e1884-f179-4087-99a7-6f9b5a1bd701,100.0,48512,
1729,23,testuser 61781141-d0fe-41d5-b8e2-4b40411df5cc ,123.0,48513,
1730,33,samay 55a9d48f-a6c4-4aac-94e9-151b5969c61e,100.0,48514,
1731,23,dsineshsss,1200.0,48515,
1732,23,dsineshsss1,1200.0,48517,
1733,23,dsineshsss12,1200.0,48519,
1734,23,dsineshsss123,1200.0,48522,
1735,23,dsineshsss1232,1200.0,48525,
1736,23,dsineshsss12323,1200.0,48530,
1737,23,dsineshsss1232344,1200.0,48531,
1738,23,dsineshsss123234,1200.0,48534,
1739,23,dsineshsss12323h4,1200.0,48535,
1740,45,nas1,777.0,48562,
1741,29,Manish23764575568245,1230940.0,48567,
1742,29,Manish2376576578jgjhg,1230940.0,48603,
1743,23,dsineshsss12323h41,1200.0,48634,
1744,23,sudheeshP123,12300.0,48639,
1745,23,demo123D,1200.0,48640,
1746,23,demo123DD,1200.0,48641,
1747,23,demo123DDD,1200.0,48642,
1748,23,demo123DDD2,1200.0,48643,
1749,23,qwerty12341,123.0,48644,
1750,23,TestMarch15D1,123.0,48652,
1751,23,Hy,123.0,48656,
1752,23,iest,323.0,48659,
1753,23,test000,123.0,48660,
1754,231,iest1,3231.0,48661,
1755,23,name,0.0,48664,
1756,0,namee,0.0,48668,
1757,0,nam,0.0,48671,
1758,2345,testtt,1523.0,48674,
1759,23,TESTMARCCDIN,1200.0,48676,
1760,0,1,0.0,48680,
1761,23,TESTMARCCDIN1,1200.0,48682,
1762,34,junta,2000.0,48683,
1763,23,KEYBOARD456,1123.0,48689,
1764,23,ROCK456,1200.0,48690,
1765,13,dominict,120.0,48691,
1766,23,Hero,123.0,48706,
1767,23,Ashok,30000.0,48720,
1768,23,test12,123.0,48724,
1769,231,iest12,3231.0,48730,
1770,13,dominict14,120.0,48732,
1771,13,dominilt14,120.0,48737,
1772,26,Maniraj00,1222.0,48744,
1773,23,kambam,123.0,48755,
1774,40,Gregory Carson,0.0,48761,
1775,23,test088jn8,123.0,48762,
1776,64,Dustin McDonald,0.0,48766,
1777,29,Mani6578jgjhg,1230940.0,48862,
1778,23,te12st,123.0,48957,
1779,23,t12&e12st,123.0,48958,
1780,23,qwertxsdf,123.0,49268,
1781,23,qqzwertxsdf,123.0,49272,
1782,18,raginik,1000.0,49277,
1783,23,qwertyuioplkjnbgfrdcfvbg,123.0,49279,
1784,565,mytestt,53650.0,49280,
1785,26,Maniraj20,1222.0,49286,
1786,23,tester1,23000.0,49291,
1787,23,Manohar,1123.0,49316,
1788,23,eugen1,123.0,49317,
1789,25,eugen2,123.0,49318,
1790,0,s,4.0,49320,
1791,24,Vijay,100.0,49321,
1792,23,test123,123.0,49323,
1793,24,Nagendra,100.0,49328,
1794,23,test1231231,123.0,49330,
1795,24,tes444t,123222.0,49342,
1796,23,testddsfsdf,123.0,49346,
1797,26,Hendry,61888.0,49354,
1798,23,quytzwertxsdf,123.0,49355,
1799,23,priyanka,123000.0,49356,
1800,23,priyanka thakur ,123000.0,49358,
1801,23,uytzwertxsdf,123.0,49363,
1802,23,ytzwertxsdf,123.0,49369,
1803,28,Vamshi917,30000.0,49374,
1804,21,Harpreet,513.0,49381,
1805,23,best,123.0,49384,
1806,21,Harpreet s,513.0,49412,
1807,123,1234,1234.0,49420,
1808,22,loadtest62,950.0,49423,
1809,23,bhagya,123.0,49424,
1810,25,atest2,1234.0,49428,
1811,23,testyuyu,123.0,49429,
1812,21,kashyap,30000.0,49437,
1813,25,atest5,1234.0,49444,
1814,45,ertre,45.0,49445,
1815,546,rrrrrrr,456.0,49450,
1816,24,Ash,34834.0,49455,
1817,22,loadtest186,950.0,49638,
1818,23,patel,45000.0,49682,
1819,23,atest1,123.0,49758,
1820,23,atest11,123.0,49835,
1821,23,atest111,123.0,49875,
1822,23,test011,123.0,49877,
1823,25,test005,1234.0,49966,
1824,23,test001,123.0,50030,
1825,22,loadtest185,950.0,50133,
1826,22,loadtest119,950.0,50134,
1827,24,loadtest87,1950.0,50135,
1828,22,loadtest195,950.0,50136,
1829,22,loadtest142,950.0,50141,
1830,22,loadtest99,950.0,50142,
1831,23,weirdo11,123.0,50143,
1832,22,loadtest48,950.0,50145,
1833,24,loadtest70,1950.0,50149,
1834,24,loadtest199,1950.0,50150,
1835,24,loadtest154,1950.0,50152,
1836,22,loadtest123,950.0,50153,
1837,22,loadtest76,950.0,50156,
1838,23,test_122222,123.0,50157,
1839,22,loadtest59,950.0,50167,
1840,23,test002,123.0,50172,
1841,1,fadsfas,1.0,50174,
1842,23,kt,1123.0,50183,
1843,23,mui,123.0,50218,
1844,55,freddy123,123000.0,50244,
1845,23,oooooooi,123.0,50249,
1846,23,oooooooooi,123.0,50251,
1847,23,abasdasdasdsad,123.0,50254,
1848,23,Zest,123.0,50264,
1849,23,Quest,123.0,50269,
1850,23,tasdfadfsadfest,123.0,50280,
1851,23,Pest,123.0,50328,
1852,23222,tessdsdt,1.0,50353,
1853,23,danny,123.0,50371,
1854,23,camilo,123.0,50373,
1855,23,Jorge Gomez,123.0,50396,
1856,23,George GMZ,123.0,50397,
1857,22,Hana,132.0,50493,
1858,30,jeremy,123.0,50533,
1859,23,testuser a5df07ac-cc22-4e5c-a521-5d8a769c8dd8,234.0,50546,
1860,0,{{username}} 2bf4cbcc-a8db-4eeb-966d-55b325a061cc,0.0,50547,
1861,23,testuser491d5073-1dcc-4a4c-96b2-96214dc01176,123.0,50548,
1862,23,testuser dc85c49d-3c6b-4314-a8bf-37cc9cb3d0a4,234.0,50550,
1863,0,{{username}} 8d48b865-b901-42a4-8aa3-76f46ce891ba,0.0,50551,
1864,23,testuser3f104ec3-1cf0-4ed1-b884-98b7c27f31f0,123.0,50552,
1865,23,abcd,123.0,50558,
1866,23,abcd1,123.0,50560,
1867,23,Name-SatMar162019123035,123.0,50561,
1868,23,Name-SatMar162019123143,123.0,50573,
1869,23,Name-Sat:Mar:16:2019:12,123.0,50576,
1870,23,Name-SatMar162019123543,123.0,50582,
1871,23,Name-Sat_Mar_16_2019_12,123.0,50583,
1872,23,Name-Sat_Mar_16_2019_12_36_,123.0,50584,
1873,23,Name-Sat_Mar_16_2019_12_39_,123.0,50587,
1874,23,Name-Sat_Mar_16_2019_12_39_45_G,123.0,50589,
1875,23,Name-Sat_Mar_16_2019_12_41_47_G,123.0,50597,
1876,23,Name-Sat_Mar_16_2019_12_41_49_G,123.0,50598,
1877,23,Name-Sat_Mar_16_2019_12_41_51_G,123.0,50599,
1878,23,rahultendu,1123.0,50600,
1879,23,Name-Sat_Mar_16_2019_12_41_54_G,123.0,50601,
1880,23,Name-Sat_Mar_16_2019_12_41_55_G,123.0,50602,
1881,23,Name-Sat_Mar_16_2019_12_41_56_G,123.0,50603,
1882,23,Name-Sat_Mar_16_2019_12_41_57_G,123.0,50604,
1883,23,Name-Sat_Mar_16_2019_12_41_58_G,123.0,50605,
1884,23,Name-Sat_Mar_16_2019_12_42_00_G,123.0,50606,
1885,23,Name-Sat_Mar_16_2019_12_42_01_G,123.0,50607,
1886,23,Name-Sat_Mar_16_2019_12_42_03_G,123.0,50608,
1887,23,Name-Sat_Mar_16_2019_12_42_10_G,123.0,50609,
1888,23,Name-Sat_Mar_16_2019_12_42_32_G,123.0,50610,
1889,23,Name-Sat_Mar_16_2019_12_42_37_G,123.0,50611,
1890,23,Name-Sat_Mar_16_2019_12_42_49_G,123.0,50612,
1891,23,Name-Sat_Mar_16_2019_12_43_06_G,123.0,50613,
1892,23,Name-Sat_Mar_16_2019_12_43_24_G,123.0,50614,
1893,23,Name-Sat_Mar_16_2019_12_43_56,123.0,50615,
1894,23,Name-Sat_Mar_16_2019_12_44_00,123.0,50616,
1895,23,Name-Sat_Mar_16_2019_12_44_01,123.0,50617,
1896,23,Name-Sat_Mar_16_2019_12_44_02,123.0,50618,
1897,23,Name-Sat_Mar_16_2019_12_44_03,123.0,50619,
1898,23,Name-Sat_Mar_16_2019_12_44_04,123.0,50620,
1899,23,Name-Sat_Mar_16_2019_12_45_36,123.0,50623,
1900,23,Name-Sat_Mar_16_2019_12_45_40,123.0,50624,
1901,23,Name-Sat_Mar_16_2019_12_46_05,123.0,50625,
1902,23,Name-Sat_Mar_16_2019_12_46_08,123.0,50626,
1903,23,Name-Sat_Mar_16_2019_12_46_26,123.0,50627,
1904,23,Name-Sat_Mar_16_2019_12_47_31,123.0,50628,
1905,23,Name-Sat_Mar_16_2019_13_13_15,123.0,50641,
1906,23,Name-Sat_Mar_16_2019_13_13_25,123.0,50642,
1907,23,Name-Sat_Mar_16_2019_13_13_27,123.0,50643,
1908,23,Name-Sat_Mar_16_2019_13_13_28,123.0,50644,
1909,23,Name-Sat_Mar_16_2019_13_13_29,123.0,50645,
1910,23,Name-Sat_Mar_16_2019_13_13_31,123.0,50646,
1911,23,Name-Sat_Mar_16_2019_13_13_32,123.0,50647,
1912,23,Name-Sat_Mar_16_2019_13_13_33,123.0,50648,
1913,23,Name-Sat_Mar_16_2019_13_13_35,123.0,50649,
1914,23,testuser 2812e371-10ca-413f-8a10-af3ca8ec19f7,234.0,50650,
1915,0,{{username}} 1f7f6a5f-3247-48e7-bde3-6d60da66cba7,0.0,50651,
1916,23,testuserb40c131e-8f44-43d5-a653-67c0ba1fa5fe,123.0,50652,
1917,23,Ramya,20000.0,50692,
1918,23,prac,123.0,50710,
1919,22,practices,1123.0,50713,
1920,28,piyush,10000.0,50720,
1921,23,piyushTiwar,123.0,50722,
1922,23,te,250.0,50723,
1923,23,testuser 39f19e08-3674-4aa5-8922-77bd741f8fe1,234.0,50729,
1924,0,{{username}} 9452766e-2681-4b5d-b2c0-e10fe0e098a3,0.0,50730,
1925,23,testuser5f26e421-08f6-40fe-a960-4b09f8726b84,123.0,50731,
1926,23,YASH,123.0,50737,
1927,23,testuser 9633d9f2-57bc-40e9-8385-178c6eda81e8,234.0,50741,
1928,0,{{username}} 4d3c7121-5cc0-4d27-ad28-591cbcf9a040,0.0,50742,
1929,23,testuserea123ac6-4c16-443e-a1e5-59630eddcdf7,123.0,50743,
1930,22,tjest4,12356.0,50751,
1931,22,veer,12356.0,50755,
1932,26,Manas,25000.0,50768,
1933,23,razin,123.0,50769,
1934,2,kanwal,22.0,50770,
1935,22,ali,232323.0,50771,
1936,3,Test233,33.0,50778,
1937,222,zeeshanahmedkanwal,22.0,50782,
1938,2,Kanwalzeeshan ,22.0,50783,
1939,0,jj,0.0,50784,
1940,0,kam,0.0,50789,
1941,22,Test123455,1111.0,50802,
1942,23,Amit,123.0,50820,
1943,23,gfdhd,123.0,50828,
1944,23,test21,123.0,50831,
1945,23,dishank,123.0,50838,
1946,25,dishank1,12345.0,50839,
1947,23,tessdsdsdst,123.0,50841,
1948,25,FlavioGoncalves,300000000.0,50842,
1949,26,Hendry11111,61888.0,50899,
1950,22,weq,5454.0,50932,
1951,45,est,123.0,50933,
1952,23,qaws,1234.0,50940,
1953,23,test1552760553462,0.0,50945,
1954,23,test1552761041438,0.0,50951,
1955,23,test1552761127334,0.0,50955,
1956,23,test1552761226438,0.0,50956,
1957,23,test1552761948331,0.0,50960,
1958,9,anthsh,12.0,50986,
1959,33,visu,5000.0,51016,
1960,33,Arafik Talal,4000.0,51047,
1961,45,Tester 007,3700.0,51081,
1962,12,just a test,123.0,51082,
1963,32,Yogaraj,9000.0,51098,
1964,0,tes376856,0.0,51110,
1965,25,Mouni,123.0,51114,
1966,23,emptysalary,0.0,51160,
1967,27,vikram,50000.0,51164,
1968,23,testkhanh,123.0,51194,
1969,23,NewTesting,123.0,51215,
1970,23,NewTesting1,123.0,51219,
1971,23,NewTesting2,123.0,51220,
1972,24,Vaidehi,5000.0,51261,
1973,2,dsds,2.0,51278,
1974,26,maddy,12300.0,51282,
1975,0,aaaaaaaaaaaa,0.0,51291,
1976,12,dsasa,12.0,51294,
1977,333,ssasasa,333.0,51298,
1978,22,sdsdsdsd,22.0,51305,
1979,3,aaaaaaaaaaaaaaaaaaaaaaaaa,3.0,51306,
1980,33,wqwq,33.0,51310,
1981,25,Martin Learn To Code,1000.0,51317,
1982,2,kanwallll,22.0,51318,
1983,2,jjjjjj,2.0,51322,
1984,2,jjj,2.0,51323,
1985,8,pplpl,88.0,51330,
1986,22,laolo,22.0,51337,
1987,22,kjkhjhjgjhgjg,22.0,51347,
1988,3,jkhkjhkkhk,33.0,51348,
1989,22,lolo,2222222.0,51361,
1990,23,Santoshtest1,123.0,51383,
1991,23,Gerelmaa,123.0,51392,
1992,12,wqwqw,11111.0,51417,
1993,12,sasa,12.0,51418,
1994,444,sasass,444.0,51420,
1995,41,shiv,12345.0,51426,
1996,25,dishi,12000.0,51430,
1997,28,dish,12001.0,51431,
1998,23,Sam,123.0,51444,
1999,23,Something Carol Sexton,1234.0,51447,
2000,23,Probal,123.0,51457,
2001,49,Damien,34020.0,51462,
2002,36,Ethan,54000.0,51479,
2003,23,test123456,123.0,51497,
2004,43,Mr Kaboodle,64021.0,51509,
2005,46,Mrs Kaboodle,89330.0,51516,
2006,19,Jimmy Jimmson,45000.0,51517,
2007,22,Lolozeeshan,22222.0,51550,
2008,4,polo,4434.0,51554,
2009,0,ATPark,0.0,51562,
2010,33,kanwalahmed,23.0,51567,
2011,2,pet,2.0,51571,
2012,7,pet123,7.0,51572,
2013,18,Name For Test6c66dc24-9dc0-4898-9f1f-bd9e7e582e7e,2000.0,51600,
2014,23,allexxa1,123.0,51777,
2015,23,rupesh test 123,123.0,51778,
2016,22,Juhi,12345678.0,51783,
2017,1234,phani,1234.0,51796,
2018,13,dominirlt14,120.0,51797,
2019,222,Employeeee.H,221221.0,51798,
2020,13,dominirlt16,120.0,51809,
2021,23,tesabcdt,123.0,51813,
2022,23,asdfghjjhgfd,123.0,51814,
